,imageUrl
0,http://dasi.cnr.it/de/cgi-bin/wsimg.pl?recId=3177&sessId=&size=high
1,http://dasi.cnr.it/de/cgi-bin/wsimg.pl?recId=4207&sessId=&size=high
2,http://dasi.cnr.it/de/cgi-bin/wsimg.pl?recId=2704&sessId=&size=high
3,http://dasi.cnr.it/de/cgi-bin/wsimg.pl?recId=4475&sessId=&size=high
4,http://dasi.cnr.it/de/cgi-bin/wsimg.pl?recId=5256&sessId=&size=high
5,http://dasi.cnr.it/de/cgi-bin/wsimg.pl?recId=1680&sessId=&size=high
6,http://dasi.cnr.it/de/cgi-bin/wsimg.pl?recId=1151&sessId=&size=high
7,http://dasi.cnr.it/de/cgi-bin/wsimg.pl?recId=4601&sessId=&size=high
8,http://dasi.cnr.it/de/cgi-bin/wsimg.pl?recId=308&sessId=&size=high
9,http://dasi.cnr.it/de/cgi-bin/wsimg.pl?recId=5471&sessId=&size=high
10,http://dasi.cnr.it/de/cgi-bin/wsimg.pl?recId=1368&sessId=&size=high
11,http://dasi.cnr.it/de/cgi-bin/wsimg.pl?recId=3292&sessId=&size=high
12,http://dasi.cnr.it/de/cgi-bin/wsimg.pl?recId=945&sessId=&size=high
13,http://dasi.cnr.it/de/cgi-bin/wsimg.pl?recId=257&sessId=&size=high
14,http://dasi.cnr.it/de/cgi-bin/wsimg.pl?recId=1226&sessId=&size=high
15,http://dasi.cnr.it/de/cgi-bin/wsimg.pl?recId=668&sessId=&size=high
16,http://dasi.cnr.it/de/cgi-bin/wsimg.pl?recId=2604&sessId=&size=high
17,http://dasi.cnr.it/de/cgi-bin/wsimg.pl?recId=2994&sessId=&size=high
18,http://dasi.cnr.it/de/cgi-bin/wsimg.pl?recId=4238&sessId=&size=high
19,http://dasi.cnr.it/de/cgi-bin/wsimg.pl?recId=3742&sessId=&size=high
20,http://dasi.cnr.it/de/cgi-bin/wsimg.pl?recId=5319&sessId=&size=high
21,http://dasi.cnr.it/de/cgi-bin/wsimg.pl?recId=4379&sessId=&size=high
22,http://dasi.cnr.it/de/cgi-bin/wsimg.pl?recId=3965&sessId=&size=high
23,http://dasi.cnr.it/de/cgi-bin/wsimg.pl?recId=2355&sessId=&size=high
24,http://dasi.cnr.it/de/cgi-bin/wsimg.pl?recId=5492&sessId=&size=high
25,http://dasi.cnr.it/de/cgi-bin/wsimg.pl?recId=3097&sessId=&size=high
26,http://dasi.cnr.it/de/cgi-bin/wsimg.pl?recId=5460&sessId=&size=high
27,http://dasi.cnr.it/de/cgi-bin/wsimg.pl?recId=2257&sessId=&size=high
28,http://dasi.cnr.it/de/cgi-bin/wsimg.pl?recId=2443&sessId=&size=high
29,http://dasi.cnr.it/de/cgi-bin/wsimg.pl?recId=4284&sessId=&size=high
30,http://dasi.cnr.it/de/cgi-bin/wsimg.pl?recId=1870&sessId=&size=high
31,http://dasi.cnr.it/de/cgi-bin/wsimg.pl?recId=3191&sessId=&size=high
32,http://dasi.cnr.it/de/cgi-bin/wsimg.pl?recId=4447&sessId=&size=high
33,http://dasi.cnr.it/de/cgi-bin/wsimg.pl?recId=5339&sessId=&size=high
34,http://dasi.cnr.it/de/cgi-bin/wsimg.pl?recId=2969&sessId=&size=high
35,http://dasi.cnr.it/de/cgi-bin/wsimg.pl?recId=5170&sessId=&size=high
36,http://dasi.cnr.it/de/cgi-bin/wsimg.pl?recId=593&sessId=&size=high
37,http://dasi.cnr.it/de/cgi-bin/wsimg.pl?recId=306&sessId=&size=high
38,http://dasi.cnr.it/de/cgi-bin/wsimg.pl?recId=1333&sessId=&size=high
39,http://dasi.cnr.it/de/cgi-bin/wsimg.pl?recId=1211&sessId=&size=high
40,http://dasi.cnr.it/de/cgi-bin/wsimg.pl?recId=3077&sessId=&size=high
41,http://dasi.cnr.it/de/cgi-bin/wsimg.pl?recId=1543&sessId=&size=high
42,http://dasi.cnr.it/de/cgi-bin/wsimg.pl?recId=3010&sessId=&size=high
43,http://dasi.cnr.it/de/cgi-bin/wsimg.pl?recId=1473&sessId=&size=high
44,http://dasi.cnr.it/de/cgi-bin/wsimg.pl?recId=2746&sessId=&size=high
45,http://dasi.cnr.it/de/cgi-bin/wsimg.pl?recId=2962&sessId=&size=high
46,http://dasi.cnr.it/de/cgi-bin/wsimg.pl?recId=2312&sessId=&size=high
47,http://dasi.cnr.it/de/cgi-bin/wsimg.pl?recId=2375&sessId=&size=high
48,http://dasi.cnr.it/de/cgi-bin/wsimg.pl?recId=2682&sessId=&size=high
49,http://dasi.cnr.it/de/cgi-bin/wsimg.pl?recId=2576&sessId=&size=high
50,http://dasi.cnr.it/de/cgi-bin/wsimg.pl?recId=420&sessId=&size=high
51,http://dasi.cnr.it/de/cgi-bin/wsimg.pl?recId=439&sessId=&size=high
52,http://dasi.cnr.it/de/cgi-bin/wsimg.pl?recId=4417&sessId=&size=high
53,http://dasi.cnr.it/de/cgi-bin/wsimg.pl?recId=3584&sessId=&size=high
54,http://dasi.cnr.it/de/cgi-bin/wsimg.pl?recId=3844&sessId=&size=high
55,http://dasi.cnr.it/de/cgi-bin/wsimg.pl?recId=3897&sessId=&size=high
56,http://dasi.cnr.it/de/cgi-bin/wsimg.pl?recId=3522&sessId=&size=high
57,http://dasi.cnr.it/de/cgi-bin/wsimg.pl?recId=2175&sessId=&size=high
58,http://dasi.cnr.it/de/cgi-bin/wsimg.pl?recId=4318&sessId=&size=high
59,http://dasi.cnr.it/de/cgi-bin/wsimg.pl?recId=4587&sessId=&size=high
60,http://dasi.cnr.it/de/cgi-bin/wsimg.pl?recId=5570&sessId=&size=high
61,http://dasi.cnr.it/de/cgi-bin/wsimg.pl?recId=5223&sessId=&size=high
62,http://dasi.cnr.it/de/cgi-bin/wsimg.pl?recId=4580&sessId=&size=high
63,http://dasi.cnr.it/de/cgi-bin/wsimg.pl?recId=3261&sessId=&size=high
64,http://dasi.cnr.it/de/cgi-bin/wsimg.pl?recId=1912&sessId=&size=high
65,http://dasi.cnr.it/de/cgi-bin/wsimg.pl?recId=400&sessId=&size=high
66,http://dasi.cnr.it/de/cgi-bin/wsimg.pl?recId=2502&sessId=&size=high
67,http://dasi.cnr.it/de/cgi-bin/wsimg.pl?recId=3681&sessId=&size=high
68,http://dasi.cnr.it/de/cgi-bin/wsimg.pl?recId=606&sessId=&size=high
69,http://dasi.cnr.it/de/cgi-bin/wsimg.pl?recId=2001&sessId=&size=high
70,http://dasi.cnr.it/de/cgi-bin/wsimg.pl?recId=892&sessId=&size=high
71,http://dasi.cnr.it/de/cgi-bin/wsimg.pl?recId=388&sessId=&size=high
72,http://dasi.cnr.it/de/cgi-bin/wsimg.pl?recId=3884&sessId=&size=high
73,http://dasi.cnr.it/de/cgi-bin/wsimg.pl?recId=159&sessId=&size=high
74,http://dasi.cnr.it/de/cgi-bin/wsimg.pl?recId=822&sessId=&size=high
75,http://dasi.cnr.it/de/cgi-bin/wsimg.pl?recId=5079&sessId=&size=high
76,http://dasi.cnr.it/de/cgi-bin/wsimg.pl?recId=252&sessId=&size=high
77,http://dasi.cnr.it/de/cgi-bin/wsimg.pl?recId=3251&sessId=&size=high
78,http://dasi.cnr.it/de/cgi-bin/wsimg.pl?recId=4376&sessId=&size=high
79,http://dasi.cnr.it/de/cgi-bin/wsimg.pl?recId=4172&sessId=&size=high
80,http://dasi.cnr.it/de/cgi-bin/wsimg.pl?recId=4066&sessId=&size=high
81,http://dasi.cnr.it/de/cgi-bin/wsimg.pl?recId=4609&sessId=&size=high
82,http://dasi.cnr.it/de/cgi-bin/wsimg.pl?recId=3182&sessId=&size=high
83,http://dasi.cnr.it/de/cgi-bin/wsimg.pl?recId=887&sessId=&size=high
84,http://dasi.cnr.it/de/cgi-bin/wsimg.pl?recId=2529&sessId=&size=high
85,http://dasi.cnr.it/de/cgi-bin/wsimg.pl?recId=2396&sessId=&size=high
86,http://dasi.cnr.it/de/cgi-bin/wsimg.pl?recId=2979&sessId=&size=high
87,http://dasi.cnr.it/de/cgi-bin/wsimg.pl?recId=342&sessId=&size=high
88,http://dasi.cnr.it/de/cgi-bin/wsimg.pl?recId=813&sessId=&size=high
89,http://dasi.cnr.it/de/cgi-bin/wsimg.pl?recId=156&sessId=&size=high
90,http://dasi.cnr.it/de/cgi-bin/wsimg.pl?recId=4336&sessId=&size=high
91,http://dasi.cnr.it/de/cgi-bin/wsimg.pl?recId=3187&sessId=&size=high
92,http://dasi.cnr.it/de/cgi-bin/wsimg.pl?recId=1405&sessId=&size=high
93,http://dasi.cnr.it/de/cgi-bin/wsimg.pl?recId=4419&sessId=&size=high
94,http://dasi.cnr.it/de/cgi-bin/wsimg.pl?recId=1588&sessId=&size=high
95,http://dasi.cnr.it/de/cgi-bin/wsimg.pl?recId=3785&sessId=&size=high
96,http://dasi.cnr.it/de/cgi-bin/wsimg.pl?recId=914&sessId=&size=high
97,http://dasi.cnr.it/de/cgi-bin/wsimg.pl?recId=1320&sessId=&size=high
98,http://dasi.cnr.it/de/cgi-bin/wsimg.pl?recId=4996&sessId=&size=high
99,http://dasi.cnr.it/de/cgi-bin/wsimg.pl?recId=3966&sessId=&size=high
100,http://dasi.cnr.it/de/cgi-bin/wsimg.pl?recId=4078&sessId=&size=high
101,http://dasi.cnr.it/de/cgi-bin/wsimg.pl?recId=1554&sessId=&size=high
102,http://dasi.cnr.it/de/cgi-bin/wsimg.pl?recId=4079&sessId=&size=high
103,http://dasi.cnr.it/de/cgi-bin/wsimg.pl?recId=1218&sessId=&size=high
104,http://dasi.cnr.it/de/cgi-bin/wsimg.pl?recId=154&sessId=&size=high
105,http://dasi.cnr.it/de/cgi-bin/wsimg.pl?recId=1798&sessId=&size=high
106,http://dasi.cnr.it/de/cgi-bin/wsimg.pl?recId=3973&sessId=&size=high
107,http://dasi.cnr.it/de/cgi-bin/wsimg.pl?recId=5661&sessId=&size=high
108,http://dasi.cnr.it/de/cgi-bin/wsimg.pl?recId=826&sessId=&size=high
109,http://dasi.cnr.it/de/cgi-bin/wsimg.pl?recId=3045&sessId=&size=high
110,http://dasi.cnr.it/de/cgi-bin/wsimg.pl?recId=4314&sessId=&size=high
111,http://dasi.cnr.it/de/cgi-bin/wsimg.pl?recId=3528&sessId=&size=high
112,http://dasi.cnr.it/de/cgi-bin/wsimg.pl?recId=4288&sessId=&size=high
113,http://dasi.cnr.it/de/cgi-bin/wsimg.pl?recId=2138&sessId=&size=high
114,http://dasi.cnr.it/de/cgi-bin/wsimg.pl?recId=2173&sessId=&size=high
115,http://dasi.cnr.it/de/cgi-bin/wsimg.pl?recId=2247&sessId=&size=high
116,http://dasi.cnr.it/de/cgi-bin/wsimg.pl?recId=483&sessId=&size=high
117,http://dasi.cnr.it/de/cgi-bin/wsimg.pl?recId=4299&sessId=&size=high
118,http://dasi.cnr.it/de/cgi-bin/wsimg.pl?recId=5526&sessId=&size=high
119,http://dasi.cnr.it/de/cgi-bin/wsimg.pl?recId=1326&sessId=&size=high
120,http://dasi.cnr.it/de/cgi-bin/wsimg.pl?recId=2920&sessId=&size=high
121,http://dasi.cnr.it/de/cgi-bin/wsimg.pl?recId=4525&sessId=&size=high
122,http://dasi.cnr.it/de/cgi-bin/wsimg.pl?recId=1622&sessId=&size=high
123,http://dasi.cnr.it/de/cgi-bin/wsimg.pl?recId=3202&sessId=&size=high
124,http://dasi.cnr.it/de/cgi-bin/wsimg.pl?recId=4847&sessId=&size=high
125,http://dasi.cnr.it/de/cgi-bin/wsimg.pl?recId=3496&sessId=&size=high
126,http://dasi.cnr.it/de/cgi-bin/wsimg.pl?recId=4412&sessId=&size=high
127,http://dasi.cnr.it/de/cgi-bin/wsimg.pl?recId=5357&sessId=&size=high
128,http://dasi.cnr.it/de/cgi-bin/wsimg.pl?recId=3636&sessId=&size=high
129,http://dasi.cnr.it/de/cgi-bin/wsimg.pl?recId=5474&sessId=&size=high
130,http://dasi.cnr.it/de/cgi-bin/wsimg.pl?recId=330&sessId=&size=high
131,http://dasi.cnr.it/de/cgi-bin/wsimg.pl?recId=5659&sessId=&size=high
132,http://dasi.cnr.it/de/cgi-bin/wsimg.pl?recId=3655&sessId=&size=high
133,http://dasi.cnr.it/de/cgi-bin/wsimg.pl?recId=5193&sessId=&size=high
134,http://dasi.cnr.it/de/cgi-bin/wsimg.pl?recId=7972&sessId=&size=high
135,http://dasi.cnr.it/de/cgi-bin/wsimg.pl?recId=7977&sessId=&size=high
136,http://dasi.cnr.it/de/cgi-bin/wsimg.pl?recId=5873&sessId=&size=high
137,http://dasi.cnr.it/de/cgi-bin/wsimg.pl?recId=6939&sessId=&size=high
138,http://dasi.cnr.it/de/cgi-bin/wsimg.pl?recId=6940&sessId=&size=high
139,http://dasi.cnr.it/de/cgi-bin/wsimg.pl?recId=6941&sessId=&size=high
140,http://dasi.cnr.it/de/cgi-bin/wsimg.pl?recId=7416&sessId=&size=high
141,http://dasi.cnr.it/de/cgi-bin/wsimg.pl?recId=6943&sessId=&size=high
142,http://dasi.cnr.it/de/cgi-bin/wsimg.pl?recId=10521&sessId=&size=high
143,http://dasi.cnr.it/de/cgi-bin/wsimg.pl?recId=10647&sessId=&size=high
144,http://dasi.cnr.it/de/cgi-bin/wsimg.pl?recId=10685&sessId=&size=high
145,http://dasi.cnr.it/de/cgi-bin/wsimg.pl?recId=10690&sessId=&size=high
146,http://dasi.cnr.it/de/cgi-bin/wsimg.pl?recId=10693&sessId=&size=high
147,http://dasi.cnr.it/de/cgi-bin/wsimg.pl?recId=10695&sessId=&size=high
148,http://dasi.cnr.it/de/cgi-bin/wsimg.pl?recId=10696&sessId=&size=high
149,http://dasi.cnr.it/de/cgi-bin/wsimg.pl?recId=10699&sessId=&size=high
150,http://dasi.cnr.it/de/cgi-bin/wsimg.pl?recId=10701&sessId=&size=high
151,http://dasi.cnr.it/de/cgi-bin/wsimg.pl?recId=10703&sessId=&size=high
152,http://dasi.cnr.it/de/cgi-bin/wsimg.pl?recId=10705&sessId=&size=high
153,http://dasi.cnr.it/de/cgi-bin/wsimg.pl?recId=10706&sessId=&size=high
154,http://dasi.cnr.it/de/cgi-bin/wsimg.pl?recId=6982&sessId=&size=high
155,http://dasi.cnr.it/de/cgi-bin/wsimg.pl?recId=10746&sessId=&size=high
156,http://dasi.cnr.it/de/cgi-bin/wsimg.pl?recId=10963&sessId=&size=high
157,http://dasi.cnr.it/de/cgi-bin/wsimg.pl?recId=10768&sessId=&size=high
158,http://dasi.cnr.it/de/cgi-bin/wsimg.pl?recId=10651&sessId=&size=high
159,http://dasi.cnr.it/de/cgi-bin/wsimg.pl?recId=10653&sessId=&size=high
160,http://dasi.cnr.it/de/cgi-bin/wsimg.pl?recId=10655&sessId=&size=high
161,http://dasi.cnr.it/de/cgi-bin/wsimg.pl?recId=10657&sessId=&size=high
162,http://dasi.cnr.it/de/cgi-bin/wsimg.pl?recId=10659&sessId=&size=high
163,http://dasi.cnr.it/de/cgi-bin/wsimg.pl?recId=10664&sessId=&size=high
164,http://dasi.cnr.it/de/cgi-bin/wsimg.pl?recId=10668&sessId=&size=high
165,http://dasi.cnr.it/de/cgi-bin/wsimg.pl?recId=1964&sessId=&size=high
166,http://dasi.cnr.it/de/cgi-bin/wsimg.pl?recId=2112&sessId=&size=high
167,http://dasi.cnr.it/de/cgi-bin/wsimg.pl?recId=3499&sessId=&size=high
168,http://dasi.cnr.it/de/cgi-bin/wsimg.pl?recId=5301&sessId=&size=high
169,http://dasi.cnr.it/de/cgi-bin/wsimg.pl?recId=4928&sessId=&size=high
170,http://dasi.cnr.it/de/cgi-bin/wsimg.pl?recId=12209&sessId=&size=high
171,http://dasi.cnr.it/de/cgi-bin/wsimg.pl?recId=2365&sessId=&size=high
172,http://dasi.cnr.it/de/cgi-bin/wsimg.pl?recId=38&sessId=&size=high
173,http://dasi.cnr.it/de/cgi-bin/wsimg.pl?recId=800&sessId=&size=high
174,http://dasi.cnr.it/de/cgi-bin/wsimg.pl?recId=5548&sessId=&size=high
175,http://dasi.cnr.it/de/cgi-bin/wsimg.pl?recId=3180&sessId=&size=high
176,http://dasi.cnr.it/de/cgi-bin/wsimg.pl?recId=1998&sessId=&size=high
177,http://dasi.cnr.it/de/cgi-bin/wsimg.pl?recId=1748&sessId=&size=high
178,http://dasi.cnr.it/de/cgi-bin/wsimg.pl?recId=4553&sessId=&size=high
179,http://dasi.cnr.it/de/cgi-bin/wsimg.pl?recId=2259&sessId=&size=high
180,http://dasi.cnr.it/de/cgi-bin/wsimg.pl?recId=934&sessId=&size=high
181,http://dasi.cnr.it/de/cgi-bin/wsimg.pl?recId=4185&sessId=&size=high
182,http://dasi.cnr.it/de/cgi-bin/wsimg.pl?recId=4002&sessId=&size=high
183,http://dasi.cnr.it/de/cgi-bin/wsimg.pl?recId=299&sessId=&size=high
184,http://dasi.cnr.it/de/cgi-bin/wsimg.pl?recId=2863&sessId=&size=high
185,http://dasi.cnr.it/de/cgi-bin/wsimg.pl?recId=5682&sessId=&size=high
186,http://dasi.cnr.it/de/cgi-bin/wsimg.pl?recId=2966&sessId=&size=high
187,http://dasi.cnr.it/de/cgi-bin/wsimg.pl?recId=1267&sessId=&size=high
188,http://dasi.cnr.it/de/cgi-bin/wsimg.pl?recId=4191&sessId=&size=high
189,http://dasi.cnr.it/de/cgi-bin/wsimg.pl?recId=847&sessId=&size=high
190,http://dasi.cnr.it/de/cgi-bin/wsimg.pl?recId=2762&sessId=&size=high
191,http://dasi.cnr.it/de/cgi-bin/wsimg.pl?recId=4266&sessId=&size=high
192,http://dasi.cnr.it/de/cgi-bin/wsimg.pl?recId=1784&sessId=&size=high
193,http://dasi.cnr.it/de/cgi-bin/wsimg.pl?recId=5091&sessId=&size=high
194,http://dasi.cnr.it/de/cgi-bin/wsimg.pl?recId=977&sessId=&size=high
195,http://dasi.cnr.it/de/cgi-bin/wsimg.pl?recId=4361&sessId=&size=high
196,http://dasi.cnr.it/de/cgi-bin/wsimg.pl?recId=4269&sessId=&size=high
197,http://dasi.cnr.it/de/cgi-bin/wsimg.pl?recId=2540&sessId=&size=high
198,http://dasi.cnr.it/de/cgi-bin/wsimg.pl?recId=5523&sessId=&size=high
199,http://dasi.cnr.it/de/cgi-bin/wsimg.pl?recId=1455&sessId=&size=high
200,http://dasi.cnr.it/de/cgi-bin/wsimg.pl?recId=3227&sessId=&size=high
201,http://dasi.cnr.it/de/cgi-bin/wsimg.pl?recId=2152&sessId=&size=high
202,http://dasi.cnr.it/de/cgi-bin/wsimg.pl?recId=855&sessId=&size=high
203,http://dasi.cnr.it/de/cgi-bin/wsimg.pl?recId=2904&sessId=&size=high
204,http://dasi.cnr.it/de/cgi-bin/wsimg.pl?recId=5617&sessId=&size=high
205,http://dasi.cnr.it/de/cgi-bin/wsimg.pl?recId=5355&sessId=&size=high
206,http://dasi.cnr.it/de/cgi-bin/wsimg.pl?recId=44&sessId=&size=high
207,http://dasi.cnr.it/de/cgi-bin/wsimg.pl?recId=3801&sessId=&size=high
208,http://dasi.cnr.it/de/cgi-bin/wsimg.pl?recId=2285&sessId=&size=high
209,http://dasi.cnr.it/de/cgi-bin/wsimg.pl?recId=3242&sessId=&size=high
210,http://dasi.cnr.it/de/cgi-bin/wsimg.pl?recId=2398&sessId=&size=high
211,http://dasi.cnr.it/de/cgi-bin/wsimg.pl?recId=4531&sessId=&size=high
212,http://dasi.cnr.it/de/cgi-bin/wsimg.pl?recId=1829&sessId=&size=high
213,http://dasi.cnr.it/de/cgi-bin/wsimg.pl?recId=2460&sessId=&size=high
214,http://dasi.cnr.it/de/cgi-bin/wsimg.pl?recId=4818&sessId=&size=high
215,http://dasi.cnr.it/de/cgi-bin/wsimg.pl?recId=1288&sessId=&size=high
216,http://dasi.cnr.it/de/cgi-bin/wsimg.pl?recId=3422&sessId=&size=high
217,http://dasi.cnr.it/de/cgi-bin/wsimg.pl?recId=5651&sessId=&size=high
218,http://dasi.cnr.it/de/cgi-bin/wsimg.pl?recId=1684&sessId=&size=high
219,http://dasi.cnr.it/de/cgi-bin/wsimg.pl?recId=3421&sessId=&size=high
220,http://dasi.cnr.it/de/cgi-bin/wsimg.pl?recId=263&sessId=&size=high
221,http://dasi.cnr.it/de/cgi-bin/wsimg.pl?recId=5169&sessId=&size=high
222,http://dasi.cnr.it/de/cgi-bin/wsimg.pl?recId=4332&sessId=&size=high
223,http://dasi.cnr.it/de/cgi-bin/wsimg.pl?recId=5441&sessId=&size=high
224,http://dasi.cnr.it/de/cgi-bin/wsimg.pl?recId=4759&sessId=&size=high
225,http://dasi.cnr.it/de/cgi-bin/wsimg.pl?recId=237&sessId=&size=high
226,http://dasi.cnr.it/de/cgi-bin/wsimg.pl?recId=282&sessId=&size=high
227,http://dasi.cnr.it/de/cgi-bin/wsimg.pl?recId=3527&sessId=&size=high
228,http://dasi.cnr.it/de/cgi-bin/wsimg.pl?recId=3778&sessId=&size=high
229,http://dasi.cnr.it/de/cgi-bin/wsimg.pl?recId=3483&sessId=&size=high
230,http://dasi.cnr.it/de/cgi-bin/wsimg.pl?recId=4551&sessId=&size=high
231,http://dasi.cnr.it/de/cgi-bin/wsimg.pl?recId=4439&sessId=&size=high
232,http://dasi.cnr.it/de/cgi-bin/wsimg.pl?recId=4489&sessId=&size=high
233,http://dasi.cnr.it/de/cgi-bin/wsimg.pl?recId=654&sessId=&size=high
234,http://dasi.cnr.it/de/cgi-bin/wsimg.pl?recId=213&sessId=&size=high
235,http://dasi.cnr.it/de/cgi-bin/wsimg.pl?recId=2550&sessId=&size=high
236,http://dasi.cnr.it/de/cgi-bin/wsimg.pl?recId=1660&sessId=&size=high
237,http://dasi.cnr.it/de/cgi-bin/wsimg.pl?recId=3375&sessId=&size=high
238,http://dasi.cnr.it/de/cgi-bin/wsimg.pl?recId=325&sessId=&size=high
239,http://dasi.cnr.it/de/cgi-bin/wsimg.pl?recId=4497&sessId=&size=high
240,http://dasi.cnr.it/de/cgi-bin/wsimg.pl?recId=2119&sessId=&size=high
241,http://dasi.cnr.it/de/cgi-bin/wsimg.pl?recId=3654&sessId=&size=high
242,http://dasi.cnr.it/de/cgi-bin/wsimg.pl?recId=2769&sessId=&size=high
243,http://dasi.cnr.it/de/cgi-bin/wsimg.pl?recId=726&sessId=&size=high
244,http://dasi.cnr.it/de/cgi-bin/wsimg.pl?recId=3618&sessId=&size=high
245,http://dasi.cnr.it/de/cgi-bin/wsimg.pl?recId=3637&sessId=&size=high
246,http://dasi.cnr.it/de/cgi-bin/wsimg.pl?recId=5382&sessId=&size=high
247,http://dasi.cnr.it/de/cgi-bin/wsimg.pl?recId=2581&sessId=&size=high
248,http://dasi.cnr.it/de/cgi-bin/wsimg.pl?recId=127&sessId=&size=high
249,http://dasi.cnr.it/de/cgi-bin/wsimg.pl?recId=3756&sessId=&size=high
250,http://dasi.cnr.it/de/cgi-bin/wsimg.pl?recId=1429&sessId=&size=high
251,http://dasi.cnr.it/de/cgi-bin/wsimg.pl?recId=1937&sessId=&size=high
252,http://dasi.cnr.it/de/cgi-bin/wsimg.pl?recId=4710&sessId=&size=high
253,http://dasi.cnr.it/de/cgi-bin/wsimg.pl?recId=2499&sessId=&size=high
254,http://dasi.cnr.it/de/cgi-bin/wsimg.pl?recId=4773&sessId=&size=high
255,http://dasi.cnr.it/de/cgi-bin/wsimg.pl?recId=4341&sessId=&size=high
256,http://dasi.cnr.it/de/cgi-bin/wsimg.pl?recId=3400&sessId=&size=high
257,http://dasi.cnr.it/de/cgi-bin/wsimg.pl?recId=3880&sessId=&size=high
258,http://dasi.cnr.it/de/cgi-bin/wsimg.pl?recId=3896&sessId=&size=high
259,http://dasi.cnr.it/de/cgi-bin/wsimg.pl?recId=3365&sessId=&size=high
260,http://dasi.cnr.it/de/cgi-bin/wsimg.pl?recId=1856&sessId=&size=high
261,http://dasi.cnr.it/de/cgi-bin/wsimg.pl?recId=2733&sessId=&size=high
262,http://dasi.cnr.it/de/cgi-bin/wsimg.pl?recId=1000&sessId=&size=high
263,http://dasi.cnr.it/de/cgi-bin/wsimg.pl?recId=5573&sessId=&size=high
264,http://dasi.cnr.it/de/cgi-bin/wsimg.pl?recId=2070&sessId=&size=high
265,http://dasi.cnr.it/de/cgi-bin/wsimg.pl?recId=2045&sessId=&size=high
266,http://dasi.cnr.it/de/cgi-bin/wsimg.pl?recId=2494&sessId=&size=high
267,http://dasi.cnr.it/de/cgi-bin/wsimg.pl?recId=2697&sessId=&size=high
268,http://dasi.cnr.it/de/cgi-bin/wsimg.pl?recId=4579&sessId=&size=high
269,http://dasi.cnr.it/de/cgi-bin/wsimg.pl?recId=2864&sessId=&size=high
270,http://dasi.cnr.it/de/cgi-bin/wsimg.pl?recId=4133&sessId=&size=high
271,http://dasi.cnr.it/de/cgi-bin/wsimg.pl?recId=5521&sessId=&size=high
272,http://dasi.cnr.it/de/cgi-bin/wsimg.pl?recId=2972&sessId=&size=high
273,http://dasi.cnr.it/de/cgi-bin/wsimg.pl?recId=815&sessId=&size=high
274,http://dasi.cnr.it/de/cgi-bin/wsimg.pl?recId=805&sessId=&size=high
275,http://dasi.cnr.it/de/cgi-bin/wsimg.pl?recId=5488&sessId=&size=high
276,http://dasi.cnr.it/de/cgi-bin/wsimg.pl?recId=395&sessId=&size=high
277,http://dasi.cnr.it/de/cgi-bin/wsimg.pl?recId=4612&sessId=&size=high
278,http://dasi.cnr.it/de/cgi-bin/wsimg.pl?recId=671&sessId=&size=high
279,http://dasi.cnr.it/de/cgi-bin/wsimg.pl?recId=4393&sessId=&size=high
280,http://dasi.cnr.it/de/cgi-bin/wsimg.pl?recId=1100&sessId=&size=high
281,http://dasi.cnr.it/de/cgi-bin/wsimg.pl?recId=1021&sessId=&size=high
282,http://dasi.cnr.it/de/cgi-bin/wsimg.pl?recId=2127&sessId=&size=high
283,http://dasi.cnr.it/de/cgi-bin/wsimg.pl?recId=2208&sessId=&size=high
284,http://dasi.cnr.it/de/cgi-bin/wsimg.pl?recId=1282&sessId=&size=high
285,http://dasi.cnr.it/de/cgi-bin/wsimg.pl?recId=3318&sessId=&size=high
286,http://dasi.cnr.it/de/cgi-bin/wsimg.pl?recId=2632&sessId=&size=high
287,http://dasi.cnr.it/de/cgi-bin/wsimg.pl?recId=4864&sessId=&size=high
288,http://dasi.cnr.it/de/cgi-bin/wsimg.pl?recId=4904&sessId=&size=high
289,http://dasi.cnr.it/de/cgi-bin/wsimg.pl?recId=3419&sessId=&size=high
290,http://dasi.cnr.it/de/cgi-bin/wsimg.pl?recId=2083&sessId=&size=high
291,http://dasi.cnr.it/de/cgi-bin/wsimg.pl?recId=4947&sessId=&size=high
292,http://dasi.cnr.it/de/cgi-bin/wsimg.pl?recId=1390&sessId=&size=high
293,http://dasi.cnr.it/de/cgi-bin/wsimg.pl?recId=1984&sessId=&size=high
294,http://dasi.cnr.it/de/cgi-bin/wsimg.pl?recId=2812&sessId=&size=high
295,http://dasi.cnr.it/de/cgi-bin/wsimg.pl?recId=2035&sessId=&size=high
296,http://dasi.cnr.it/de/cgi-bin/wsimg.pl?recId=4400&sessId=&size=high
297,http://dasi.cnr.it/de/cgi-bin/wsimg.pl?recId=4552&sessId=&size=high
298,http://dasi.cnr.it/de/cgi-bin/wsimg.pl?recId=5380&sessId=&size=high
299,http://dasi.cnr.it/de/cgi-bin/wsimg.pl?recId=1945&sessId=&size=high
300,http://dasi.cnr.it/de/cgi-bin/wsimg.pl?recId=4627&sessId=&size=high
301,http://dasi.cnr.it/de/cgi-bin/wsimg.pl?recId=687&sessId=&size=high
302,http://dasi.cnr.it/de/cgi-bin/wsimg.pl?recId=4949&sessId=&size=high
303,http://dasi.cnr.it/de/cgi-bin/wsimg.pl?recId=1145&sessId=&size=high
304,http://dasi.cnr.it/de/cgi-bin/wsimg.pl?recId=5066&sessId=&size=high
305,http://dasi.cnr.it/de/cgi-bin/wsimg.pl?recId=1965&sessId=&size=high
306,http://dasi.cnr.it/de/cgi-bin/wsimg.pl?recId=3878&sessId=&size=high
307,http://dasi.cnr.it/de/cgi-bin/wsimg.pl?recId=81&sessId=&size=high
308,http://dasi.cnr.it/de/cgi-bin/wsimg.pl?recId=2385&sessId=&size=high
309,http://dasi.cnr.it/de/cgi-bin/wsimg.pl?recId=5563&sessId=&size=high
310,http://dasi.cnr.it/de/cgi-bin/wsimg.pl?recId=962&sessId=&size=high
311,http://dasi.cnr.it/de/cgi-bin/wsimg.pl?recId=2673&sessId=&size=high
312,http://dasi.cnr.it/de/cgi-bin/wsimg.pl?recId=4432&sessId=&size=high
313,http://dasi.cnr.it/de/cgi-bin/wsimg.pl?recId=3846&sessId=&size=high
314,http://dasi.cnr.it/de/cgi-bin/wsimg.pl?recId=2814&sessId=&size=high
315,http://dasi.cnr.it/de/cgi-bin/wsimg.pl?recId=3170&sessId=&size=high
316,http://dasi.cnr.it/de/cgi-bin/wsimg.pl?recId=314&sessId=&size=high
317,http://dasi.cnr.it/de/cgi-bin/wsimg.pl?recId=2819&sessId=&size=high
318,http://dasi.cnr.it/de/cgi-bin/wsimg.pl?recId=513&sessId=&size=high
319,http://dasi.cnr.it/de/cgi-bin/wsimg.pl?recId=4165&sessId=&size=high
320,http://dasi.cnr.it/de/cgi-bin/wsimg.pl?recId=241&sessId=&size=high
321,http://dasi.cnr.it/de/cgi-bin/wsimg.pl?recId=450&sessId=&size=high
322,http://dasi.cnr.it/de/cgi-bin/wsimg.pl?recId=1583&sessId=&size=high
323,http://dasi.cnr.it/de/cgi-bin/wsimg.pl?recId=4500&sessId=&size=high
324,http://dasi.cnr.it/de/cgi-bin/wsimg.pl?recId=1922&sessId=&size=high
325,http://dasi.cnr.it/de/cgi-bin/wsimg.pl?recId=3189&sessId=&size=high
326,http://dasi.cnr.it/de/cgi-bin/wsimg.pl?recId=2861&sessId=&size=high
327,http://dasi.cnr.it/de/cgi-bin/wsimg.pl?recId=2456&sessId=&size=high
328,http://dasi.cnr.it/de/cgi-bin/wsimg.pl?recId=2665&sessId=&size=high
329,http://dasi.cnr.it/de/cgi-bin/wsimg.pl?recId=3525&sessId=&size=high
330,http://dasi.cnr.it/de/cgi-bin/wsimg.pl?recId=4442&sessId=&size=high
331,http://dasi.cnr.it/de/cgi-bin/wsimg.pl?recId=3471&sessId=&size=high
332,http://dasi.cnr.it/de/cgi-bin/wsimg.pl?recId=4378&sessId=&size=high
333,http://dasi.cnr.it/de/cgi-bin/wsimg.pl?recId=2290&sessId=&size=high
334,http://dasi.cnr.it/de/cgi-bin/wsimg.pl?recId=1952&sessId=&size=high
335,http://dasi.cnr.it/de/cgi-bin/wsimg.pl?recId=1080&sessId=&size=high
336,http://dasi.cnr.it/de/cgi-bin/wsimg.pl?recId=5281&sessId=&size=high
337,http://dasi.cnr.it/de/cgi-bin/wsimg.pl?recId=1742&sessId=&size=high
338,http://dasi.cnr.it/de/cgi-bin/wsimg.pl?recId=1646&sessId=&size=high
339,http://dasi.cnr.it/de/cgi-bin/wsimg.pl?recId=3039&sessId=&size=high
340,http://dasi.cnr.it/de/cgi-bin/wsimg.pl?recId=5340&sessId=&size=high
341,http://dasi.cnr.it/de/cgi-bin/wsimg.pl?recId=4895&sessId=&size=high
342,http://dasi.cnr.it/de/cgi-bin/wsimg.pl?recId=3614&sessId=&size=high
343,http://dasi.cnr.it/de/cgi-bin/wsimg.pl?recId=644&sessId=&size=high
344,http://dasi.cnr.it/de/cgi-bin/wsimg.pl?recId=2842&sessId=&size=high
345,http://dasi.cnr.it/de/cgi-bin/wsimg.pl?recId=105&sessId=&size=high
346,http://dasi.cnr.it/de/cgi-bin/wsimg.pl?recId=3820&sessId=&size=high
347,http://dasi.cnr.it/de/cgi-bin/wsimg.pl?recId=4228&sessId=&size=high
348,http://dasi.cnr.it/de/cgi-bin/wsimg.pl?recId=428&sessId=&size=high
349,http://dasi.cnr.it/de/cgi-bin/wsimg.pl?recId=3741&sessId=&size=high
350,http://dasi.cnr.it/de/cgi-bin/wsimg.pl?recId=2596&sessId=&size=high
351,http://dasi.cnr.it/de/cgi-bin/wsimg.pl?recId=799&sessId=&size=high
352,http://dasi.cnr.it/de/cgi-bin/wsimg.pl?recId=1905&sessId=&size=high
353,http://dasi.cnr.it/de/cgi-bin/wsimg.pl?recId=12178&sessId=&size=high
354,http://dasi.cnr.it/de/cgi-bin/wsimg.pl?recId=12179&sessId=&size=high
355,http://dasi.cnr.it/de/cgi-bin/wsimg.pl?recId=570&sessId=&size=high
356,http://dasi.cnr.it/de/cgi-bin/wsimg.pl?recId=5588&sessId=&size=high
357,http://dasi.cnr.it/de/cgi-bin/wsimg.pl?recId=3721&sessId=&size=high
358,http://dasi.cnr.it/de/cgi-bin/wsimg.pl?recId=2538&sessId=&size=high
359,http://dasi.cnr.it/de/cgi-bin/wsimg.pl?recId=7195&sessId=&size=high
360,http://dasi.cnr.it/de/cgi-bin/wsimg.pl?recId=7197&sessId=&size=high
361,http://dasi.cnr.it/de/cgi-bin/wsimg.pl?recId=7198&sessId=&size=high
362,http://dasi.cnr.it/de/cgi-bin/wsimg.pl?recId=6988&sessId=&size=high
363,http://dasi.cnr.it/de/cgi-bin/wsimg.pl?recId=6989&sessId=&size=high
364,http://dasi.cnr.it/de/cgi-bin/wsimg.pl?recId=6990&sessId=&size=high
365,http://dasi.cnr.it/de/cgi-bin/wsimg.pl?recId=6991&sessId=&size=high
366,http://dasi.cnr.it/de/cgi-bin/wsimg.pl?recId=6992&sessId=&size=high
367,http://dasi.cnr.it/de/cgi-bin/wsimg.pl?recId=6994&sessId=&size=high
368,http://dasi.cnr.it/de/cgi-bin/wsimg.pl?recId=6995&sessId=&size=high
369,http://dasi.cnr.it/de/cgi-bin/wsimg.pl?recId=6996&sessId=&size=high
370,http://dasi.cnr.it/de/cgi-bin/wsimg.pl?recId=6997&sessId=&size=high
371,http://dasi.cnr.it/de/cgi-bin/wsimg.pl?recId=6998&sessId=&size=high
372,http://dasi.cnr.it/de/cgi-bin/wsimg.pl?recId=6999&sessId=&size=high
373,http://dasi.cnr.it/de/cgi-bin/wsimg.pl?recId=7000&sessId=&size=high
374,http://dasi.cnr.it/de/cgi-bin/wsimg.pl?recId=2738&sessId=&size=high
375,http://dasi.cnr.it/de/cgi-bin/wsimg.pl?recId=7008&sessId=&size=high
376,http://dasi.cnr.it/de/cgi-bin/wsimg.pl?recId=7009&sessId=&size=high
377,http://dasi.cnr.it/de/cgi-bin/wsimg.pl?recId=7010&sessId=&size=high
378,http://dasi.cnr.it/de/cgi-bin/wsimg.pl?recId=7011&sessId=&size=high
379,http://dasi.cnr.it/de/cgi-bin/wsimg.pl?recId=7027&sessId=&size=high
380,http://dasi.cnr.it/de/cgi-bin/wsimg.pl?recId=7028&sessId=&size=high
381,http://dasi.cnr.it/de/cgi-bin/wsimg.pl?recId=12180&sessId=&size=high
382,http://dasi.cnr.it/de/cgi-bin/wsimg.pl?recId=10585&sessId=&size=high
383,http://dasi.cnr.it/de/cgi-bin/wsimg.pl?recId=10586&sessId=&size=high
384,http://dasi.cnr.it/de/cgi-bin/wsimg.pl?recId=1756&sessId=&size=high
385,http://dasi.cnr.it/de/cgi-bin/wsimg.pl?recId=3235&sessId=&size=high
386,http://dasi.cnr.it/de/cgi-bin/wsimg.pl?recId=888&sessId=&size=high
387,http://dasi.cnr.it/de/cgi-bin/wsimg.pl?recId=3356&sessId=&size=high
388,http://dasi.cnr.it/de/cgi-bin/wsimg.pl?recId=3645&sessId=&size=high
389,http://dasi.cnr.it/de/cgi-bin/wsimg.pl?recId=473&sessId=&size=high
390,http://dasi.cnr.it/de/cgi-bin/wsimg.pl?recId=3163&sessId=&size=high
391,http://dasi.cnr.it/de/cgi-bin/wsimg.pl?recId=2079&sessId=&size=high
392,http://dasi.cnr.it/de/cgi-bin/wsimg.pl?recId=2946&sessId=&size=high
393,http://dasi.cnr.it/de/cgi-bin/wsimg.pl?recId=10047&sessId=&size=high
394,http://dasi.cnr.it/de/cgi-bin/wsimg.pl?recId=10049&sessId=&size=high
395,http://dasi.cnr.it/de/cgi-bin/wsimg.pl?recId=2339&sessId=&size=high
396,http://dasi.cnr.it/de/cgi-bin/wsimg.pl?recId=7848&sessId=&size=high
397,http://dasi.cnr.it/de/cgi-bin/wsimg.pl?recId=4150&sessId=&size=high
398,http://dasi.cnr.it/de/cgi-bin/wsimg.pl?recId=10050&sessId=&size=high
399,http://dasi.cnr.it/de/cgi-bin/wsimg.pl?recId=1610&sessId=&size=high
400,http://dasi.cnr.it/de/cgi-bin/wsimg.pl?recId=3336&sessId=&size=high
401,http://dasi.cnr.it/de/cgi-bin/wsimg.pl?recId=4296&sessId=&size=high
402,http://dasi.cnr.it/de/cgi-bin/wsimg.pl?recId=1978&sessId=&size=high
403,http://dasi.cnr.it/de/cgi-bin/wsimg.pl?recId=1800&sessId=&size=high
404,http://dasi.cnr.it/de/cgi-bin/wsimg.pl?recId=4837&sessId=&size=high
405,http://dasi.cnr.it/de/cgi-bin/wsimg.pl?recId=3152&sessId=&size=high
406,http://dasi.cnr.it/de/cgi-bin/wsimg.pl?recId=4109&sessId=&size=high
407,http://dasi.cnr.it/de/cgi-bin/wsimg.pl?recId=4264&sessId=&size=high
408,http://dasi.cnr.it/de/cgi-bin/wsimg.pl?recId=1469&sessId=&size=high
409,http://dasi.cnr.it/de/cgi-bin/wsimg.pl?recId=4418&sessId=&size=high
410,http://dasi.cnr.it/de/cgi-bin/wsimg.pl?recId=2415&sessId=&size=high
411,http://dasi.cnr.it/de/cgi-bin/wsimg.pl?recId=10038&sessId=&size=high
412,http://dasi.cnr.it/de/cgi-bin/wsimg.pl?recId=4463&sessId=&size=high
413,http://dasi.cnr.it/de/cgi-bin/wsimg.pl?recId=10040&sessId=&size=high
414,http://dasi.cnr.it/de/cgi-bin/wsimg.pl?recId=9152&sessId=&size=high
415,http://dasi.cnr.it/de/cgi-bin/wsimg.pl?recId=6630&sessId=&size=high
416,http://dasi.cnr.it/de/cgi-bin/wsimg.pl?recId=3988&sessId=&size=high
417,http://dasi.cnr.it/de/cgi-bin/wsimg.pl?recId=2608&sessId=&size=high
418,http://dasi.cnr.it/de/cgi-bin/wsimg.pl?recId=10027&sessId=&size=high
419,http://dasi.cnr.it/de/cgi-bin/wsimg.pl?recId=1128&sessId=&size=high
420,http://dasi.cnr.it/de/cgi-bin/wsimg.pl?recId=2522&sessId=&size=high
421,http://dasi.cnr.it/de/cgi-bin/wsimg.pl?recId=6631&sessId=&size=high
422,http://dasi.cnr.it/de/cgi-bin/wsimg.pl?recId=3941&sessId=&size=high
423,http://dasi.cnr.it/de/cgi-bin/wsimg.pl?recId=5026&sessId=&size=high
424,http://dasi.cnr.it/de/cgi-bin/wsimg.pl?recId=2264&sessId=&size=high
425,http://dasi.cnr.it/de/cgi-bin/wsimg.pl?recId=4189&sessId=&size=high
426,http://dasi.cnr.it/de/cgi-bin/wsimg.pl?recId=12159&sessId=&size=high
427,http://dasi.cnr.it/de/cgi-bin/wsimg.pl?recId=12158&sessId=&size=high
428,http://dasi.cnr.it/de/cgi-bin/wsimg.pl?recId=3352&sessId=&size=high
429,http://dasi.cnr.it/de/cgi-bin/wsimg.pl?recId=363&sessId=&size=high
430,http://dasi.cnr.it/de/cgi-bin/wsimg.pl?recId=3738&sessId=&size=high
431,http://dasi.cnr.it/de/cgi-bin/wsimg.pl?recId=5273&sessId=&size=high
432,http://dasi.cnr.it/de/cgi-bin/wsimg.pl?recId=536&sessId=&size=high
433,http://dasi.cnr.it/de/cgi-bin/wsimg.pl?recId=12043&sessId=&size=high
434,http://dasi.cnr.it/de/cgi-bin/wsimg.pl?recId=12044&sessId=&size=high
435,http://dasi.cnr.it/de/cgi-bin/wsimg.pl?recId=12046&sessId=&size=high
436,http://dasi.cnr.it/de/cgi-bin/wsimg.pl?recId=12047&sessId=&size=high
437,http://dasi.cnr.it/de/cgi-bin/wsimg.pl?recId=12048&sessId=&size=high
438,http://dasi.cnr.it/de/cgi-bin/wsimg.pl?recId=12045&sessId=&size=high
439,http://dasi.cnr.it/de/cgi-bin/wsimg.pl?recId=8338&sessId=&size=high
440,http://dasi.cnr.it/de/cgi-bin/wsimg.pl?recId=8341&sessId=&size=high
441,http://dasi.cnr.it/de/cgi-bin/wsimg.pl?recId=7986&sessId=&size=high
442,http://dasi.cnr.it/de/cgi-bin/wsimg.pl?recId=3216&sessId=&size=high
443,http://dasi.cnr.it/de/cgi-bin/wsimg.pl?recId=5204&sessId=&size=high
444,http://dasi.cnr.it/de/cgi-bin/wsimg.pl?recId=418&sessId=&size=high
445,http://dasi.cnr.it/de/cgi-bin/wsimg.pl?recId=9771&sessId=&size=high
446,http://dasi.cnr.it/de/cgi-bin/wsimg.pl?recId=9747&sessId=&size=high
447,http://dasi.cnr.it/de/cgi-bin/wsimg.pl?recId=7230&sessId=&size=high
448,http://dasi.cnr.it/de/cgi-bin/wsimg.pl?recId=7231&sessId=&size=high
449,http://dasi.cnr.it/de/cgi-bin/wsimg.pl?recId=7233&sessId=&size=high
450,http://dasi.cnr.it/de/cgi-bin/wsimg.pl?recId=7238&sessId=&size=high
451,http://dasi.cnr.it/de/cgi-bin/wsimg.pl?recId=7239&sessId=&size=high
452,http://dasi.cnr.it/de/cgi-bin/wsimg.pl?recId=3332&sessId=&size=high
453,http://dasi.cnr.it/de/cgi-bin/wsimg.pl?recId=41&sessId=&size=high
454,http://dasi.cnr.it/de/cgi-bin/wsimg.pl?recId=4852&sessId=&size=high
455,http://dasi.cnr.it/de/cgi-bin/wsimg.pl?recId=4623&sessId=&size=high
456,http://dasi.cnr.it/de/cgi-bin/wsimg.pl?recId=537&sessId=&size=high
457,http://dasi.cnr.it/de/cgi-bin/wsimg.pl?recId=11639&sessId=&size=high
458,http://dasi.cnr.it/de/cgi-bin/wsimg.pl?recId=5525&sessId=&size=high
459,http://dasi.cnr.it/de/cgi-bin/wsimg.pl?recId=11768&sessId=&size=high
460,http://dasi.cnr.it/de/cgi-bin/wsimg.pl?recId=7026&sessId=&size=high
461,http://dasi.cnr.it/de/cgi-bin/wsimg.pl?recId=1247&sessId=&size=high
462,http://dasi.cnr.it/de/cgi-bin/wsimg.pl?recId=748&sessId=&size=high
463,http://dasi.cnr.it/de/cgi-bin/wsimg.pl?recId=615&sessId=&size=high
464,http://dasi.cnr.it/de/cgi-bin/wsimg.pl?recId=460&sessId=&size=high
465,http://dasi.cnr.it/de/cgi-bin/wsimg.pl?recId=6938&sessId=&size=high
466,http://dasi.cnr.it/de/cgi-bin/wsimg.pl?recId=365&sessId=&size=high
467,http://dasi.cnr.it/de/cgi-bin/wsimg.pl?recId=967&sessId=&size=high
468,http://dasi.cnr.it/de/cgi-bin/wsimg.pl?recId=2376&sessId=&size=high
469,http://dasi.cnr.it/de/cgi-bin/wsimg.pl?recId=1520&sessId=&size=high
470,http://dasi.cnr.it/de/cgi-bin/wsimg.pl?recId=6637&sessId=&size=high
471,http://dasi.cnr.it/de/cgi-bin/wsimg.pl?recId=782&sessId=&size=high
472,http://dasi.cnr.it/de/cgi-bin/wsimg.pl?recId=1668&sessId=&size=high
473,http://dasi.cnr.it/de/cgi-bin/wsimg.pl?recId=6638&sessId=&size=high
474,http://dasi.cnr.it/de/cgi-bin/wsimg.pl?recId=2058&sessId=&size=high
475,http://dasi.cnr.it/de/cgi-bin/wsimg.pl?recId=6639&sessId=&size=high
476,http://dasi.cnr.it/de/cgi-bin/wsimg.pl?recId=3604&sessId=&size=high
477,http://dasi.cnr.it/de/cgi-bin/wsimg.pl?recId=4480&sessId=&size=high
478,http://dasi.cnr.it/de/cgi-bin/wsimg.pl?recId=232&sessId=&size=high
479,http://dasi.cnr.it/de/cgi-bin/wsimg.pl?recId=4168&sessId=&size=high
480,http://dasi.cnr.it/de/cgi-bin/wsimg.pl?recId=4338&sessId=&size=high
481,http://dasi.cnr.it/de/cgi-bin/wsimg.pl?recId=1785&sessId=&size=high
482,http://dasi.cnr.it/de/cgi-bin/wsimg.pl?recId=11667&sessId=&size=high
483,http://dasi.cnr.it/de/cgi-bin/wsimg.pl?recId=11666&sessId=&size=high
484,http://dasi.cnr.it/de/cgi-bin/wsimg.pl?recId=7765&sessId=&size=high
485,http://dasi.cnr.it/de/cgi-bin/wsimg.pl?recId=5640&sessId=&size=high
486,http://dasi.cnr.it/de/cgi-bin/wsimg.pl?recId=6640&sessId=&size=high
487,http://dasi.cnr.it/de/cgi-bin/wsimg.pl?recId=6644&sessId=&size=high
488,http://dasi.cnr.it/de/cgi-bin/wsimg.pl?recId=8956&sessId=&size=high
489,http://dasi.cnr.it/de/cgi-bin/wsimg.pl?recId=1904&sessId=&size=high
490,http://dasi.cnr.it/de/cgi-bin/wsimg.pl?recId=2559&sessId=&size=high
491,http://dasi.cnr.it/de/cgi-bin/wsimg.pl?recId=508&sessId=&size=high
492,http://dasi.cnr.it/de/cgi-bin/wsimg.pl?recId=3903&sessId=&size=high
493,http://dasi.cnr.it/de/cgi-bin/wsimg.pl?recId=2162&sessId=&size=high
494,http://dasi.cnr.it/de/cgi-bin/wsimg.pl?recId=1751&sessId=&size=high
495,http://dasi.cnr.it/de/cgi-bin/wsimg.pl?recId=5368&sessId=&size=high
496,http://dasi.cnr.it/de/cgi-bin/wsimg.pl?recId=976&sessId=&size=high
497,http://dasi.cnr.it/de/cgi-bin/wsimg.pl?recId=2509&sessId=&size=high
498,http://dasi.cnr.it/de/cgi-bin/wsimg.pl?recId=1591&sessId=&size=high
499,http://dasi.cnr.it/de/cgi-bin/wsimg.pl?recId=11638&sessId=&size=high
500,http://dasi.cnr.it/de/cgi-bin/wsimg.pl?recId=6645&sessId=&size=high
501,http://dasi.cnr.it/de/cgi-bin/wsimg.pl?recId=6646&sessId=&size=high
502,http://dasi.cnr.it/de/cgi-bin/wsimg.pl?recId=93&sessId=&size=high
503,http://dasi.cnr.it/de/cgi-bin/wsimg.pl?recId=4573&sessId=&size=high
504,http://dasi.cnr.it/de/cgi-bin/wsimg.pl?recId=3901&sessId=&size=high
505,http://dasi.cnr.it/de/cgi-bin/wsimg.pl?recId=1477&sessId=&size=high
506,http://dasi.cnr.it/de/cgi-bin/wsimg.pl?recId=5242&sessId=&size=high
507,http://dasi.cnr.it/de/cgi-bin/wsimg.pl?recId=3722&sessId=&size=high
508,http://dasi.cnr.it/de/cgi-bin/wsimg.pl?recId=4178&sessId=&size=high
509,http://dasi.cnr.it/de/cgi-bin/wsimg.pl?recId=5603&sessId=&size=high
510,http://dasi.cnr.it/de/cgi-bin/wsimg.pl?recId=2934&sessId=&size=high
511,http://dasi.cnr.it/de/cgi-bin/wsimg.pl?recId=4403&sessId=&size=high
512,http://dasi.cnr.it/de/cgi-bin/wsimg.pl?recId=2352&sessId=&size=high
513,http://dasi.cnr.it/de/cgi-bin/wsimg.pl?recId=1833&sessId=&size=high
514,http://dasi.cnr.it/de/cgi-bin/wsimg.pl?recId=3427&sessId=&size=high
515,http://dasi.cnr.it/de/cgi-bin/wsimg.pl?recId=3224&sessId=&size=high
516,http://dasi.cnr.it/de/cgi-bin/wsimg.pl?recId=2731&sessId=&size=high
517,http://dasi.cnr.it/de/cgi-bin/wsimg.pl?recId=2731&sessId=&size=high
518,http://dasi.cnr.it/de/cgi-bin/wsimg.pl?recId=3650&sessId=&size=high
519,http://dasi.cnr.it/de/cgi-bin/wsimg.pl?recId=587&sessId=&size=high
520,http://dasi.cnr.it/de/cgi-bin/wsimg.pl?recId=4780&sessId=&size=high
521,http://dasi.cnr.it/de/cgi-bin/wsimg.pl?recId=3570&sessId=&size=high
522,http://dasi.cnr.it/de/cgi-bin/wsimg.pl?recId=1185&sessId=&size=high
523,http://dasi.cnr.it/de/cgi-bin/wsimg.pl?recId=2216&sessId=&size=high
524,http://dasi.cnr.it/de/cgi-bin/wsimg.pl?recId=1436&sessId=&size=high
525,http://dasi.cnr.it/de/cgi-bin/wsimg.pl?recId=11321&sessId=&size=high
526,http://dasi.cnr.it/de/cgi-bin/wsimg.pl?recId=11323&sessId=&size=high
527,http://dasi.cnr.it/de/cgi-bin/wsimg.pl?recId=11324&sessId=&size=high
528,http://dasi.cnr.it/de/cgi-bin/wsimg.pl?recId=11326&sessId=&size=high
529,http://dasi.cnr.it/de/cgi-bin/wsimg.pl?recId=11327&sessId=&size=high
530,http://dasi.cnr.it/de/cgi-bin/wsimg.pl?recId=11328&sessId=&size=high
531,http://dasi.cnr.it/de/cgi-bin/wsimg.pl?recId=11329&sessId=&size=high
532,http://dasi.cnr.it/de/cgi-bin/wsimg.pl?recId=11330&sessId=&size=high
533,http://dasi.cnr.it/de/cgi-bin/wsimg.pl?recId=11331&sessId=&size=high
534,http://dasi.cnr.it/de/cgi-bin/wsimg.pl?recId=11332&sessId=&size=high
535,http://dasi.cnr.it/de/cgi-bin/wsimg.pl?recId=11333&sessId=&size=high
536,http://dasi.cnr.it/de/cgi-bin/wsimg.pl?recId=11334&sessId=&size=high
537,http://dasi.cnr.it/de/cgi-bin/wsimg.pl?recId=11335&sessId=&size=high
538,http://dasi.cnr.it/de/cgi-bin/wsimg.pl?recId=11336&sessId=&size=high
539,http://dasi.cnr.it/de/cgi-bin/wsimg.pl?recId=11337&sessId=&size=high
540,http://dasi.cnr.it/de/cgi-bin/wsimg.pl?recId=11339&sessId=&size=high
541,http://dasi.cnr.it/de/cgi-bin/wsimg.pl?recId=11340&sessId=&size=high
542,http://dasi.cnr.it/de/cgi-bin/wsimg.pl?recId=11342&sessId=&size=high
543,http://dasi.cnr.it/de/cgi-bin/wsimg.pl?recId=11343&sessId=&size=high
544,http://dasi.cnr.it/de/cgi-bin/wsimg.pl?recId=11345&sessId=&size=high
545,http://dasi.cnr.it/de/cgi-bin/wsimg.pl?recId=9090&sessId=&size=high
546,http://dasi.cnr.it/de/cgi-bin/wsimg.pl?recId=11366&sessId=&size=high
547,http://dasi.cnr.it/de/cgi-bin/wsimg.pl?recId=11410&sessId=&size=high
548,http://dasi.cnr.it/de/cgi-bin/wsimg.pl?recId=11411&sessId=&size=high
549,http://dasi.cnr.it/de/cgi-bin/wsimg.pl?recId=9091&sessId=&size=high
550,http://dasi.cnr.it/de/cgi-bin/wsimg.pl?recId=11412&sessId=&size=high
551,http://dasi.cnr.it/de/cgi-bin/wsimg.pl?recId=11413&sessId=&size=high
552,http://dasi.cnr.it/de/cgi-bin/wsimg.pl?recId=11414&sessId=&size=high
553,http://dasi.cnr.it/de/cgi-bin/wsimg.pl?recId=11415&sessId=&size=high
554,http://dasi.cnr.it/de/cgi-bin/wsimg.pl?recId=1322&sessId=&size=high
555,http://dasi.cnr.it/de/cgi-bin/wsimg.pl?recId=11418&sessId=&size=high
556,http://dasi.cnr.it/de/cgi-bin/wsimg.pl?recId=11419&sessId=&size=high
557,http://dasi.cnr.it/de/cgi-bin/wsimg.pl?recId=11420&sessId=&size=high
558,http://dasi.cnr.it/de/cgi-bin/wsimg.pl?recId=9089&sessId=&size=high
559,http://dasi.cnr.it/de/cgi-bin/wsimg.pl?recId=9087&sessId=&size=high
560,http://dasi.cnr.it/de/cgi-bin/wsimg.pl?recId=9060&sessId=&size=high
561,http://dasi.cnr.it/de/cgi-bin/wsimg.pl?recId=9061&sessId=&size=high
562,http://dasi.cnr.it/de/cgi-bin/wsimg.pl?recId=9088&sessId=&size=high
563,http://dasi.cnr.it/de/cgi-bin/wsimg.pl?recId=9062&sessId=&size=high
564,http://dasi.cnr.it/de/cgi-bin/wsimg.pl?recId=9093&sessId=&size=high
565,http://dasi.cnr.it/de/cgi-bin/wsimg.pl?recId=11421&sessId=&size=high
566,http://dasi.cnr.it/de/cgi-bin/wsimg.pl?recId=5367&sessId=&size=high
567,http://dasi.cnr.it/de/cgi-bin/wsimg.pl?recId=4529&sessId=&size=high
568,http://dasi.cnr.it/de/cgi-bin/wsimg.pl?recId=2193&sessId=&size=high
569,http://dasi.cnr.it/de/cgi-bin/wsimg.pl?recId=327&sessId=&size=high
570,http://dasi.cnr.it/de/cgi-bin/wsimg.pl?recId=11396&sessId=&size=high
571,http://dasi.cnr.it/de/cgi-bin/wsimg.pl?recId=11369&sessId=&size=high
572,http://dasi.cnr.it/de/cgi-bin/wsimg.pl?recId=11370&sessId=&size=high
573,http://dasi.cnr.it/de/cgi-bin/wsimg.pl?recId=11371&sessId=&size=high
574,http://dasi.cnr.it/de/cgi-bin/wsimg.pl?recId=11372&sessId=&size=high
575,http://dasi.cnr.it/de/cgi-bin/wsimg.pl?recId=11422&sessId=&size=high
576,http://dasi.cnr.it/de/cgi-bin/wsimg.pl?recId=11423&sessId=&size=high
577,http://dasi.cnr.it/de/cgi-bin/wsimg.pl?recId=11429&sessId=&size=high
578,http://dasi.cnr.it/de/cgi-bin/wsimg.pl?recId=11424&sessId=&size=high
579,http://dasi.cnr.it/de/cgi-bin/wsimg.pl?recId=11373&sessId=&size=high
580,http://dasi.cnr.it/de/cgi-bin/wsimg.pl?recId=9023&sessId=&size=high
581,http://dasi.cnr.it/de/cgi-bin/wsimg.pl?recId=9030&sessId=&size=high
582,http://dasi.cnr.it/de/cgi-bin/wsimg.pl?recId=9014&sessId=&size=high
583,http://dasi.cnr.it/de/cgi-bin/wsimg.pl?recId=11374&sessId=&size=high
584,http://dasi.cnr.it/de/cgi-bin/wsimg.pl?recId=11375&sessId=&size=high
585,http://dasi.cnr.it/de/cgi-bin/wsimg.pl?recId=9017&sessId=&size=high
586,http://dasi.cnr.it/de/cgi-bin/wsimg.pl?recId=9016&sessId=&size=high
587,http://dasi.cnr.it/de/cgi-bin/wsimg.pl?recId=11400&sessId=&size=high
588,http://dasi.cnr.it/de/cgi-bin/wsimg.pl?recId=11377&sessId=&size=high
589,http://dasi.cnr.it/de/cgi-bin/wsimg.pl?recId=11378&sessId=&size=high
590,http://dasi.cnr.it/de/cgi-bin/wsimg.pl?recId=11379&sessId=&size=high
591,http://dasi.cnr.it/de/cgi-bin/wsimg.pl?recId=3800&sessId=&size=high
592,http://dasi.cnr.it/de/cgi-bin/wsimg.pl?recId=701&sessId=&size=high
593,http://dasi.cnr.it/de/cgi-bin/wsimg.pl?recId=1373&sessId=&size=high
594,http://dasi.cnr.it/de/cgi-bin/wsimg.pl?recId=11359&sessId=&size=high
595,http://dasi.cnr.it/de/cgi-bin/wsimg.pl?recId=11360&sessId=&size=high
596,http://dasi.cnr.it/de/cgi-bin/wsimg.pl?recId=11380&sessId=&size=high
597,http://dasi.cnr.it/de/cgi-bin/wsimg.pl?recId=1315&sessId=&size=high
598,http://dasi.cnr.it/de/cgi-bin/wsimg.pl?recId=1315&sessId=&size=high
599,http://dasi.cnr.it/de/cgi-bin/wsimg.pl?recId=9016&sessId=&size=high
600,http://dasi.cnr.it/de/cgi-bin/wsimg.pl?recId=1373&sessId=&size=high
601,http://dasi.cnr.it/de/cgi-bin/wsimg.pl?recId=568&sessId=&size=high
602,http://dasi.cnr.it/de/cgi-bin/wsimg.pl?recId=4756&sessId=&size=high
603,http://dasi.cnr.it/de/cgi-bin/wsimg.pl?recId=576&sessId=&size=high
604,http://dasi.cnr.it/de/cgi-bin/wsimg.pl?recId=1711&sessId=&size=high
605,http://dasi.cnr.it/de/cgi-bin/wsimg.pl?recId=11381&sessId=&size=high
606,http://dasi.cnr.it/de/cgi-bin/wsimg.pl?recId=11382&sessId=&size=high
607,http://dasi.cnr.it/de/cgi-bin/wsimg.pl?recId=11383&sessId=&size=high
608,http://dasi.cnr.it/de/cgi-bin/wsimg.pl?recId=11385&sessId=&size=high
609,http://dasi.cnr.it/de/cgi-bin/wsimg.pl?recId=9021&sessId=&size=high
610,http://dasi.cnr.it/de/cgi-bin/wsimg.pl?recId=11363&sessId=&size=high
611,http://dasi.cnr.it/de/cgi-bin/wsimg.pl?recId=11364&sessId=&size=high
612,http://dasi.cnr.it/de/cgi-bin/wsimg.pl?recId=11387&sessId=&size=high
613,http://dasi.cnr.it/de/cgi-bin/wsimg.pl?recId=11365&sessId=&size=high
614,http://dasi.cnr.it/de/cgi-bin/wsimg.pl?recId=11388&sessId=&size=high
615,http://dasi.cnr.it/de/cgi-bin/wsimg.pl?recId=11389&sessId=&size=high
616,http://dasi.cnr.it/de/cgi-bin/wsimg.pl?recId=11390&sessId=&size=high
617,http://dasi.cnr.it/de/cgi-bin/wsimg.pl?recId=11391&sessId=&size=high
618,http://dasi.cnr.it/de/cgi-bin/wsimg.pl?recId=11395&sessId=&size=high
619,http://dasi.cnr.it/de/cgi-bin/wsimg.pl?recId=11392&sessId=&size=high
620,http://dasi.cnr.it/de/cgi-bin/wsimg.pl?recId=11393&sessId=&size=high
621,http://dasi.cnr.it/de/cgi-bin/wsimg.pl?recId=11394&sessId=&size=high
622,http://dasi.cnr.it/de/cgi-bin/wsimg.pl?recId=11299&sessId=&size=high
623,http://dasi.cnr.it/de/cgi-bin/wsimg.pl?recId=11300&sessId=&size=high
624,http://dasi.cnr.it/de/cgi-bin/wsimg.pl?recId=11301&sessId=&size=high
625,http://dasi.cnr.it/de/cgi-bin/wsimg.pl?recId=11398&sessId=&size=high
626,http://dasi.cnr.it/de/cgi-bin/wsimg.pl?recId=10923&sessId=&size=high
627,http://dasi.cnr.it/de/cgi-bin/wsimg.pl?recId=11347&sessId=&size=high
628,http://dasi.cnr.it/de/cgi-bin/wsimg.pl?recId=11348&sessId=&size=high
629,http://dasi.cnr.it/de/cgi-bin/wsimg.pl?recId=11349&sessId=&size=high
630,http://dasi.cnr.it/de/cgi-bin/wsimg.pl?recId=11347&sessId=&size=high
631,http://dasi.cnr.it/de/cgi-bin/wsimg.pl?recId=11347&sessId=&size=high
632,http://dasi.cnr.it/de/cgi-bin/wsimg.pl?recId=11350&sessId=&size=high
633,http://dasi.cnr.it/de/cgi-bin/wsimg.pl?recId=10924&sessId=&size=high
634,http://dasi.cnr.it/de/cgi-bin/wsimg.pl?recId=10921&sessId=&size=high
635,http://dasi.cnr.it/de/cgi-bin/wsimg.pl?recId=10925&sessId=&size=high
636,http://dasi.cnr.it/de/cgi-bin/wsimg.pl?recId=10927&sessId=&size=high
637,http://dasi.cnr.it/de/cgi-bin/wsimg.pl?recId=10929&sessId=&size=high
638,http://dasi.cnr.it/de/cgi-bin/wsimg.pl?recId=10922&sessId=&size=high
639,http://dasi.cnr.it/de/cgi-bin/wsimg.pl?recId=10930&sessId=&size=high
640,http://dasi.cnr.it/de/cgi-bin/wsimg.pl?recId=10933&sessId=&size=high
641,http://dasi.cnr.it/de/cgi-bin/wsimg.pl?recId=10938&sessId=&size=high
642,http://dasi.cnr.it/de/cgi-bin/wsimg.pl?recId=10940&sessId=&size=high
643,http://dasi.cnr.it/de/cgi-bin/wsimg.pl?recId=10942&sessId=&size=high
644,http://dasi.cnr.it/de/cgi-bin/wsimg.pl?recId=10943&sessId=&size=high
645,http://dasi.cnr.it/de/cgi-bin/wsimg.pl?recId=10944&sessId=&size=high
646,http://dasi.cnr.it/de/cgi-bin/wsimg.pl?recId=10945&sessId=&size=high
647,http://dasi.cnr.it/de/cgi-bin/wsimg.pl?recId=10946&sessId=&size=high
648,http://dasi.cnr.it/de/cgi-bin/wsimg.pl?recId=10947&sessId=&size=high
649,http://dasi.cnr.it/de/cgi-bin/wsimg.pl?recId=10948&sessId=&size=high
650,http://dasi.cnr.it/de/cgi-bin/wsimg.pl?recId=10949&sessId=&size=high
651,http://dasi.cnr.it/de/cgi-bin/wsimg.pl?recId=10950&sessId=&size=high
652,http://dasi.cnr.it/de/cgi-bin/wsimg.pl?recId=10951&sessId=&size=high
653,http://dasi.cnr.it/de/cgi-bin/wsimg.pl?recId=10952&sessId=&size=high
654,http://dasi.cnr.it/de/cgi-bin/wsimg.pl?recId=10954&sessId=&size=high
655,http://dasi.cnr.it/de/cgi-bin/wsimg.pl?recId=10955&sessId=&size=high
656,http://dasi.cnr.it/de/cgi-bin/wsimg.pl?recId=10956&sessId=&size=high
657,http://dasi.cnr.it/de/cgi-bin/wsimg.pl?recId=10957&sessId=&size=high
658,http://dasi.cnr.it/de/cgi-bin/wsimg.pl?recId=11310&sessId=&size=high
659,http://dasi.cnr.it/de/cgi-bin/wsimg.pl?recId=10958&sessId=&size=high
660,http://dasi.cnr.it/de/cgi-bin/wsimg.pl?recId=10960&sessId=&size=high
661,http://dasi.cnr.it/de/cgi-bin/wsimg.pl?recId=10961&sessId=&size=high
662,http://dasi.cnr.it/de/cgi-bin/wsimg.pl?recId=10962&sessId=&size=high
663,http://dasi.cnr.it/de/cgi-bin/wsimg.pl?recId=10965&sessId=&size=high
664,http://dasi.cnr.it/de/cgi-bin/wsimg.pl?recId=10967&sessId=&size=high
665,http://dasi.cnr.it/de/cgi-bin/wsimg.pl?recId=10969&sessId=&size=high
666,http://dasi.cnr.it/de/cgi-bin/wsimg.pl?recId=10970&sessId=&size=high
667,http://dasi.cnr.it/de/cgi-bin/wsimg.pl?recId=10971&sessId=&size=high
668,http://dasi.cnr.it/de/cgi-bin/wsimg.pl?recId=10972&sessId=&size=high
669,http://dasi.cnr.it/de/cgi-bin/wsimg.pl?recId=10973&sessId=&size=high
670,http://dasi.cnr.it/de/cgi-bin/wsimg.pl?recId=10975&sessId=&size=high
671,http://dasi.cnr.it/de/cgi-bin/wsimg.pl?recId=10976&sessId=&size=high
672,http://dasi.cnr.it/de/cgi-bin/wsimg.pl?recId=10977&sessId=&size=high
673,http://dasi.cnr.it/de/cgi-bin/wsimg.pl?recId=10978&sessId=&size=high
674,http://dasi.cnr.it/de/cgi-bin/wsimg.pl?recId=10979&sessId=&size=high
675,http://dasi.cnr.it/de/cgi-bin/wsimg.pl?recId=10980&sessId=&size=high
676,http://dasi.cnr.it/de/cgi-bin/wsimg.pl?recId=10981&sessId=&size=high
677,http://dasi.cnr.it/de/cgi-bin/wsimg.pl?recId=10982&sessId=&size=high
678,http://dasi.cnr.it/de/cgi-bin/wsimg.pl?recId=10983&sessId=&size=high
679,http://dasi.cnr.it/de/cgi-bin/wsimg.pl?recId=10984&sessId=&size=high
680,http://dasi.cnr.it/de/cgi-bin/wsimg.pl?recId=10985&sessId=&size=high
681,http://dasi.cnr.it/de/cgi-bin/wsimg.pl?recId=10986&sessId=&size=high
682,http://dasi.cnr.it/de/cgi-bin/wsimg.pl?recId=10987&sessId=&size=high
683,http://dasi.cnr.it/de/cgi-bin/wsimg.pl?recId=10988&sessId=&size=high
684,http://dasi.cnr.it/de/cgi-bin/wsimg.pl?recId=10989&sessId=&size=high
685,http://dasi.cnr.it/de/cgi-bin/wsimg.pl?recId=11302&sessId=&size=high
686,http://dasi.cnr.it/de/cgi-bin/wsimg.pl?recId=11303&sessId=&size=high
687,http://dasi.cnr.it/de/cgi-bin/wsimg.pl?recId=11304&sessId=&size=high
688,http://dasi.cnr.it/de/cgi-bin/wsimg.pl?recId=10990&sessId=&size=high
689,http://dasi.cnr.it/de/cgi-bin/wsimg.pl?recId=10991&sessId=&size=high
690,http://dasi.cnr.it/de/cgi-bin/wsimg.pl?recId=10992&sessId=&size=high
691,http://dasi.cnr.it/de/cgi-bin/wsimg.pl?recId=10993&sessId=&size=high
692,http://dasi.cnr.it/de/cgi-bin/wsimg.pl?recId=10994&sessId=&size=high
693,http://dasi.cnr.it/de/cgi-bin/wsimg.pl?recId=10995&sessId=&size=high
694,http://dasi.cnr.it/de/cgi-bin/wsimg.pl?recId=11305&sessId=&size=high
695,http://dasi.cnr.it/de/cgi-bin/wsimg.pl?recId=11306&sessId=&size=high
696,http://dasi.cnr.it/de/cgi-bin/wsimg.pl?recId=10997&sessId=&size=high
697,http://dasi.cnr.it/de/cgi-bin/wsimg.pl?recId=10998&sessId=&size=high
698,http://dasi.cnr.it/de/cgi-bin/wsimg.pl?recId=10999&sessId=&size=high
699,http://dasi.cnr.it/de/cgi-bin/wsimg.pl?recId=11000&sessId=&size=high
700,http://dasi.cnr.it/de/cgi-bin/wsimg.pl?recId=11001&sessId=&size=high
701,http://dasi.cnr.it/de/cgi-bin/wsimg.pl?recId=11002&sessId=&size=high
702,http://dasi.cnr.it/de/cgi-bin/wsimg.pl?recId=11003&sessId=&size=high
703,http://dasi.cnr.it/de/cgi-bin/wsimg.pl?recId=11004&sessId=&size=high
704,http://dasi.cnr.it/de/cgi-bin/wsimg.pl?recId=11005&sessId=&size=high
705,http://dasi.cnr.it/de/cgi-bin/wsimg.pl?recId=11307&sessId=&size=high
706,http://dasi.cnr.it/de/cgi-bin/wsimg.pl?recId=11006&sessId=&size=high
707,http://dasi.cnr.it/de/cgi-bin/wsimg.pl?recId=11007&sessId=&size=high
708,http://dasi.cnr.it/de/cgi-bin/wsimg.pl?recId=11008&sessId=&size=high
709,http://dasi.cnr.it/de/cgi-bin/wsimg.pl?recId=11009&sessId=&size=high
710,http://dasi.cnr.it/de/cgi-bin/wsimg.pl?recId=11010&sessId=&size=high
711,http://dasi.cnr.it/de/cgi-bin/wsimg.pl?recId=11011&sessId=&size=high
712,http://dasi.cnr.it/de/cgi-bin/wsimg.pl?recId=11012&sessId=&size=high
713,http://dasi.cnr.it/de/cgi-bin/wsimg.pl?recId=11013&sessId=&size=high
714,http://dasi.cnr.it/de/cgi-bin/wsimg.pl?recId=11014&sessId=&size=high
715,http://dasi.cnr.it/de/cgi-bin/wsimg.pl?recId=11015&sessId=&size=high
716,http://dasi.cnr.it/de/cgi-bin/wsimg.pl?recId=11016&sessId=&size=high
717,http://dasi.cnr.it/de/cgi-bin/wsimg.pl?recId=11017&sessId=&size=high
718,http://dasi.cnr.it/de/cgi-bin/wsimg.pl?recId=11018&sessId=&size=high
719,http://dasi.cnr.it/de/cgi-bin/wsimg.pl?recId=11019&sessId=&size=high
720,http://dasi.cnr.it/de/cgi-bin/wsimg.pl?recId=11024&sessId=&size=high
721,http://dasi.cnr.it/de/cgi-bin/wsimg.pl?recId=11022&sessId=&size=high
722,http://dasi.cnr.it/de/cgi-bin/wsimg.pl?recId=11023&sessId=&size=high
723,http://dasi.cnr.it/de/cgi-bin/wsimg.pl?recId=11020&sessId=&size=high
724,http://dasi.cnr.it/de/cgi-bin/wsimg.pl?recId=11021&sessId=&size=high
725,http://dasi.cnr.it/de/cgi-bin/wsimg.pl?recId=11025&sessId=&size=high
726,http://dasi.cnr.it/de/cgi-bin/wsimg.pl?recId=11026&sessId=&size=high
727,http://dasi.cnr.it/de/cgi-bin/wsimg.pl?recId=11027&sessId=&size=high
728,http://dasi.cnr.it/de/cgi-bin/wsimg.pl?recId=11028&sessId=&size=high
729,http://dasi.cnr.it/de/cgi-bin/wsimg.pl?recId=11029&sessId=&size=high
730,http://dasi.cnr.it/de/cgi-bin/wsimg.pl?recId=11030&sessId=&size=high
731,http://dasi.cnr.it/de/cgi-bin/wsimg.pl?recId=11031&sessId=&size=high
732,http://dasi.cnr.it/de/cgi-bin/wsimg.pl?recId=11032&sessId=&size=high
733,http://dasi.cnr.it/de/cgi-bin/wsimg.pl?recId=11034&sessId=&size=high
734,http://dasi.cnr.it/de/cgi-bin/wsimg.pl?recId=11033&sessId=&size=high
735,http://dasi.cnr.it/de/cgi-bin/wsimg.pl?recId=11102&sessId=&size=high
736,http://dasi.cnr.it/de/cgi-bin/wsimg.pl?recId=11103&sessId=&size=high
737,http://dasi.cnr.it/de/cgi-bin/wsimg.pl?recId=11105&sessId=&size=high
738,http://dasi.cnr.it/de/cgi-bin/wsimg.pl?recId=11104&sessId=&size=high
739,http://dasi.cnr.it/de/cgi-bin/wsimg.pl?recId=11106&sessId=&size=high
740,http://dasi.cnr.it/de/cgi-bin/wsimg.pl?recId=11107&sessId=&size=high
741,http://dasi.cnr.it/de/cgi-bin/wsimg.pl?recId=11108&sessId=&size=high
742,http://dasi.cnr.it/de/cgi-bin/wsimg.pl?recId=11109&sessId=&size=high
743,http://dasi.cnr.it/de/cgi-bin/wsimg.pl?recId=11110&sessId=&size=high
744,http://dasi.cnr.it/de/cgi-bin/wsimg.pl?recId=11111&sessId=&size=high
745,http://dasi.cnr.it/de/cgi-bin/wsimg.pl?recId=11112&sessId=&size=high
746,http://dasi.cnr.it/de/cgi-bin/wsimg.pl?recId=11113&sessId=&size=high
747,http://dasi.cnr.it/de/cgi-bin/wsimg.pl?recId=11114&sessId=&size=high
748,http://dasi.cnr.it/de/cgi-bin/wsimg.pl?recId=11115&sessId=&size=high
749,http://dasi.cnr.it/de/cgi-bin/wsimg.pl?recId=11116&sessId=&size=high
750,http://dasi.cnr.it/de/cgi-bin/wsimg.pl?recId=11117&sessId=&size=high
751,http://dasi.cnr.it/de/cgi-bin/wsimg.pl?recId=11118&sessId=&size=high
752,http://dasi.cnr.it/de/cgi-bin/wsimg.pl?recId=11119&sessId=&size=high
753,http://dasi.cnr.it/de/cgi-bin/wsimg.pl?recId=11120&sessId=&size=high
754,http://dasi.cnr.it/de/cgi-bin/wsimg.pl?recId=11121&sessId=&size=high
755,http://dasi.cnr.it/de/cgi-bin/wsimg.pl?recId=11122&sessId=&size=high
756,http://dasi.cnr.it/de/cgi-bin/wsimg.pl?recId=11217&sessId=&size=high
757,http://dasi.cnr.it/de/cgi-bin/wsimg.pl?recId=11123&sessId=&size=high
758,http://dasi.cnr.it/de/cgi-bin/wsimg.pl?recId=11124&sessId=&size=high
759,http://dasi.cnr.it/de/cgi-bin/wsimg.pl?recId=11125&sessId=&size=high
760,http://dasi.cnr.it/de/cgi-bin/wsimg.pl?recId=11126&sessId=&size=high
761,http://dasi.cnr.it/de/cgi-bin/wsimg.pl?recId=11127&sessId=&size=high
762,http://dasi.cnr.it/de/cgi-bin/wsimg.pl?recId=11128&sessId=&size=high
763,http://dasi.cnr.it/de/cgi-bin/wsimg.pl?recId=11129&sessId=&size=high
764,http://dasi.cnr.it/de/cgi-bin/wsimg.pl?recId=11130&sessId=&size=high
765,http://dasi.cnr.it/de/cgi-bin/wsimg.pl?recId=11131&sessId=&size=high
766,http://dasi.cnr.it/de/cgi-bin/wsimg.pl?recId=11132&sessId=&size=high
767,http://dasi.cnr.it/de/cgi-bin/wsimg.pl?recId=11133&sessId=&size=high
768,http://dasi.cnr.it/de/cgi-bin/wsimg.pl?recId=11134&sessId=&size=high
769,http://dasi.cnr.it/de/cgi-bin/wsimg.pl?recId=11354&sessId=&size=high
770,http://dasi.cnr.it/de/cgi-bin/wsimg.pl?recId=11135&sessId=&size=high
771,http://dasi.cnr.it/de/cgi-bin/wsimg.pl?recId=11136&sessId=&size=high
772,http://dasi.cnr.it/de/cgi-bin/wsimg.pl?recId=11137&sessId=&size=high
773,http://dasi.cnr.it/de/cgi-bin/wsimg.pl?recId=11138&sessId=&size=high
774,http://dasi.cnr.it/de/cgi-bin/wsimg.pl?recId=11139&sessId=&size=high
775,http://dasi.cnr.it/de/cgi-bin/wsimg.pl?recId=11140&sessId=&size=high
776,http://dasi.cnr.it/de/cgi-bin/wsimg.pl?recId=11141&sessId=&size=high
777,http://dasi.cnr.it/de/cgi-bin/wsimg.pl?recId=11142&sessId=&size=high
778,http://dasi.cnr.it/de/cgi-bin/wsimg.pl?recId=11143&sessId=&size=high
779,http://dasi.cnr.it/de/cgi-bin/wsimg.pl?recId=11144&sessId=&size=high
780,http://dasi.cnr.it/de/cgi-bin/wsimg.pl?recId=11145&sessId=&size=high
781,http://dasi.cnr.it/de/cgi-bin/wsimg.pl?recId=11146&sessId=&size=high
782,http://dasi.cnr.it/de/cgi-bin/wsimg.pl?recId=11147&sessId=&size=high
783,http://dasi.cnr.it/de/cgi-bin/wsimg.pl?recId=11148&sessId=&size=high
784,http://dasi.cnr.it/de/cgi-bin/wsimg.pl?recId=11149&sessId=&size=high
785,http://dasi.cnr.it/de/cgi-bin/wsimg.pl?recId=11150&sessId=&size=high
786,http://dasi.cnr.it/de/cgi-bin/wsimg.pl?recId=11151&sessId=&size=high
787,http://dasi.cnr.it/de/cgi-bin/wsimg.pl?recId=11152&sessId=&size=high
788,http://dasi.cnr.it/de/cgi-bin/wsimg.pl?recId=11153&sessId=&size=high
789,http://dasi.cnr.it/de/cgi-bin/wsimg.pl?recId=11154&sessId=&size=high
790,http://dasi.cnr.it/de/cgi-bin/wsimg.pl?recId=11155&sessId=&size=high
791,http://dasi.cnr.it/de/cgi-bin/wsimg.pl?recId=11156&sessId=&size=high
792,http://dasi.cnr.it/de/cgi-bin/wsimg.pl?recId=11157&sessId=&size=high
793,http://dasi.cnr.it/de/cgi-bin/wsimg.pl?recId=11158&sessId=&size=high
794,http://dasi.cnr.it/de/cgi-bin/wsimg.pl?recId=11159&sessId=&size=high
795,http://dasi.cnr.it/de/cgi-bin/wsimg.pl?recId=11160&sessId=&size=high
796,http://dasi.cnr.it/de/cgi-bin/wsimg.pl?recId=11161&sessId=&size=high
797,http://dasi.cnr.it/de/cgi-bin/wsimg.pl?recId=11162&sessId=&size=high
798,http://dasi.cnr.it/de/cgi-bin/wsimg.pl?recId=11163&sessId=&size=high
799,http://dasi.cnr.it/de/cgi-bin/wsimg.pl?recId=11164&sessId=&size=high
800,http://dasi.cnr.it/de/cgi-bin/wsimg.pl?recId=11165&sessId=&size=high
801,http://dasi.cnr.it/de/cgi-bin/wsimg.pl?recId=11166&sessId=&size=high
802,http://dasi.cnr.it/de/cgi-bin/wsimg.pl?recId=11167&sessId=&size=high
803,http://dasi.cnr.it/de/cgi-bin/wsimg.pl?recId=11168&sessId=&size=high
804,http://dasi.cnr.it/de/cgi-bin/wsimg.pl?recId=11169&sessId=&size=high
805,http://dasi.cnr.it/de/cgi-bin/wsimg.pl?recId=11170&sessId=&size=high
806,http://dasi.cnr.it/de/cgi-bin/wsimg.pl?recId=11171&sessId=&size=high
807,http://dasi.cnr.it/de/cgi-bin/wsimg.pl?recId=11172&sessId=&size=high
808,http://dasi.cnr.it/de/cgi-bin/wsimg.pl?recId=11173&sessId=&size=high
809,http://dasi.cnr.it/de/cgi-bin/wsimg.pl?recId=11174&sessId=&size=high
810,http://dasi.cnr.it/de/cgi-bin/wsimg.pl?recId=11175&sessId=&size=high
811,http://dasi.cnr.it/de/cgi-bin/wsimg.pl?recId=11176&sessId=&size=high
812,http://dasi.cnr.it/de/cgi-bin/wsimg.pl?recId=11177&sessId=&size=high
813,http://dasi.cnr.it/de/cgi-bin/wsimg.pl?recId=11178&sessId=&size=high
814,http://dasi.cnr.it/de/cgi-bin/wsimg.pl?recId=11179&sessId=&size=high
815,http://dasi.cnr.it/de/cgi-bin/wsimg.pl?recId=11180&sessId=&size=high
816,http://dasi.cnr.it/de/cgi-bin/wsimg.pl?recId=11181&sessId=&size=high
817,http://dasi.cnr.it/de/cgi-bin/wsimg.pl?recId=11182&sessId=&size=high
818,http://dasi.cnr.it/de/cgi-bin/wsimg.pl?recId=11183&sessId=&size=high
819,http://dasi.cnr.it/de/cgi-bin/wsimg.pl?recId=11184&sessId=&size=high
820,http://dasi.cnr.it/de/cgi-bin/wsimg.pl?recId=11185&sessId=&size=high
821,http://dasi.cnr.it/de/cgi-bin/wsimg.pl?recId=11186&sessId=&size=high
822,http://dasi.cnr.it/de/cgi-bin/wsimg.pl?recId=11187&sessId=&size=high
823,http://dasi.cnr.it/de/cgi-bin/wsimg.pl?recId=11188&sessId=&size=high
824,http://dasi.cnr.it/de/cgi-bin/wsimg.pl?recId=11189&sessId=&size=high
825,http://dasi.cnr.it/de/cgi-bin/wsimg.pl?recId=11191&sessId=&size=high
826,http://dasi.cnr.it/de/cgi-bin/wsimg.pl?recId=11192&sessId=&size=high
827,http://dasi.cnr.it/de/cgi-bin/wsimg.pl?recId=11193&sessId=&size=high
828,http://dasi.cnr.it/de/cgi-bin/wsimg.pl?recId=11194&sessId=&size=high
829,http://dasi.cnr.it/de/cgi-bin/wsimg.pl?recId=11195&sessId=&size=high
830,http://dasi.cnr.it/de/cgi-bin/wsimg.pl?recId=11196&sessId=&size=high
831,http://dasi.cnr.it/de/cgi-bin/wsimg.pl?recId=11197&sessId=&size=high
832,http://dasi.cnr.it/de/cgi-bin/wsimg.pl?recId=11198&sessId=&size=high
833,http://dasi.cnr.it/de/cgi-bin/wsimg.pl?recId=11199&sessId=&size=high
834,http://dasi.cnr.it/de/cgi-bin/wsimg.pl?recId=11200&sessId=&size=high
835,http://dasi.cnr.it/de/cgi-bin/wsimg.pl?recId=11201&sessId=&size=high
836,http://dasi.cnr.it/de/cgi-bin/wsimg.pl?recId=11202&sessId=&size=high
837,http://dasi.cnr.it/de/cgi-bin/wsimg.pl?recId=11203&sessId=&size=high
838,http://dasi.cnr.it/de/cgi-bin/wsimg.pl?recId=11204&sessId=&size=high
839,http://dasi.cnr.it/de/cgi-bin/wsimg.pl?recId=11205&sessId=&size=high
840,http://dasi.cnr.it/de/cgi-bin/wsimg.pl?recId=11206&sessId=&size=high
841,http://dasi.cnr.it/de/cgi-bin/wsimg.pl?recId=11207&sessId=&size=high
842,http://dasi.cnr.it/de/cgi-bin/wsimg.pl?recId=11208&sessId=&size=high
843,http://dasi.cnr.it/de/cgi-bin/wsimg.pl?recId=11209&sessId=&size=high
844,http://dasi.cnr.it/de/cgi-bin/wsimg.pl?recId=11210&sessId=&size=high
845,http://dasi.cnr.it/de/cgi-bin/wsimg.pl?recId=11211&sessId=&size=high
846,http://dasi.cnr.it/de/cgi-bin/wsimg.pl?recId=11212&sessId=&size=high
847,http://dasi.cnr.it/de/cgi-bin/wsimg.pl?recId=11213&sessId=&size=high
848,http://dasi.cnr.it/de/cgi-bin/wsimg.pl?recId=11225&sessId=&size=high
849,http://dasi.cnr.it/de/cgi-bin/wsimg.pl?recId=11214&sessId=&size=high
850,http://dasi.cnr.it/de/cgi-bin/wsimg.pl?recId=11215&sessId=&size=high
851,http://dasi.cnr.it/de/cgi-bin/wsimg.pl?recId=11216&sessId=&size=high
852,http://dasi.cnr.it/de/cgi-bin/wsimg.pl?recId=11226&sessId=&size=high
853,http://dasi.cnr.it/de/cgi-bin/wsimg.pl?recId=11227&sessId=&size=high
854,http://dasi.cnr.it/de/cgi-bin/wsimg.pl?recId=11228&sessId=&size=high
855,http://dasi.cnr.it/de/cgi-bin/wsimg.pl?recId=11229&sessId=&size=high
856,http://dasi.cnr.it/de/cgi-bin/wsimg.pl?recId=11230&sessId=&size=high
857,http://dasi.cnr.it/de/cgi-bin/wsimg.pl?recId=11231&sessId=&size=high
858,http://dasi.cnr.it/de/cgi-bin/wsimg.pl?recId=11232&sessId=&size=high
859,http://dasi.cnr.it/de/cgi-bin/wsimg.pl?recId=11233&sessId=&size=high
860,http://dasi.cnr.it/de/cgi-bin/wsimg.pl?recId=11234&sessId=&size=high
861,http://dasi.cnr.it/de/cgi-bin/wsimg.pl?recId=11235&sessId=&size=high
862,http://dasi.cnr.it/de/cgi-bin/wsimg.pl?recId=11236&sessId=&size=high
863,http://dasi.cnr.it/de/cgi-bin/wsimg.pl?recId=11237&sessId=&size=high
864,http://dasi.cnr.it/de/cgi-bin/wsimg.pl?recId=11238&sessId=&size=high
865,http://dasi.cnr.it/de/cgi-bin/wsimg.pl?recId=11239&sessId=&size=high
866,http://dasi.cnr.it/de/cgi-bin/wsimg.pl?recId=11240&sessId=&size=high
867,http://dasi.cnr.it/de/cgi-bin/wsimg.pl?recId=11241&sessId=&size=high
868,http://dasi.cnr.it/de/cgi-bin/wsimg.pl?recId=11242&sessId=&size=high
869,http://dasi.cnr.it/de/cgi-bin/wsimg.pl?recId=11260&sessId=&size=high
870,http://dasi.cnr.it/de/cgi-bin/wsimg.pl?recId=11243&sessId=&size=high
871,http://dasi.cnr.it/de/cgi-bin/wsimg.pl?recId=11244&sessId=&size=high
872,http://dasi.cnr.it/de/cgi-bin/wsimg.pl?recId=11245&sessId=&size=high
873,http://dasi.cnr.it/de/cgi-bin/wsimg.pl?recId=11246&sessId=&size=high
874,http://dasi.cnr.it/de/cgi-bin/wsimg.pl?recId=11247&sessId=&size=high
875,http://dasi.cnr.it/de/cgi-bin/wsimg.pl?recId=11248&sessId=&size=high
876,http://dasi.cnr.it/de/cgi-bin/wsimg.pl?recId=11249&sessId=&size=high
877,http://dasi.cnr.it/de/cgi-bin/wsimg.pl?recId=11250&sessId=&size=high
878,http://dasi.cnr.it/de/cgi-bin/wsimg.pl?recId=11251&sessId=&size=high
879,http://dasi.cnr.it/de/cgi-bin/wsimg.pl?recId=11252&sessId=&size=high
880,http://dasi.cnr.it/de/cgi-bin/wsimg.pl?recId=11253&sessId=&size=high
881,http://dasi.cnr.it/de/cgi-bin/wsimg.pl?recId=11254&sessId=&size=high
882,http://dasi.cnr.it/de/cgi-bin/wsimg.pl?recId=11255&sessId=&size=high
883,http://dasi.cnr.it/de/cgi-bin/wsimg.pl?recId=11256&sessId=&size=high
884,http://dasi.cnr.it/de/cgi-bin/wsimg.pl?recId=11257&sessId=&size=high
885,http://dasi.cnr.it/de/cgi-bin/wsimg.pl?recId=11258&sessId=&size=high
886,http://dasi.cnr.it/de/cgi-bin/wsimg.pl?recId=11259&sessId=&size=high
887,http://dasi.cnr.it/de/cgi-bin/wsimg.pl?recId=11356&sessId=&size=high
888,http://dasi.cnr.it/de/cgi-bin/wsimg.pl?recId=11261&sessId=&size=high
889,http://dasi.cnr.it/de/cgi-bin/wsimg.pl?recId=11262&sessId=&size=high
890,http://dasi.cnr.it/de/cgi-bin/wsimg.pl?recId=11263&sessId=&size=high
891,http://dasi.cnr.it/de/cgi-bin/wsimg.pl?recId=11264&sessId=&size=high
892,http://dasi.cnr.it/de/cgi-bin/wsimg.pl?recId=11265&sessId=&size=high
893,http://dasi.cnr.it/de/cgi-bin/wsimg.pl?recId=11266&sessId=&size=high
894,http://dasi.cnr.it/de/cgi-bin/wsimg.pl?recId=11267&sessId=&size=high
895,http://dasi.cnr.it/de/cgi-bin/wsimg.pl?recId=11268&sessId=&size=high
896,http://dasi.cnr.it/de/cgi-bin/wsimg.pl?recId=11269&sessId=&size=high
897,http://dasi.cnr.it/de/cgi-bin/wsimg.pl?recId=11270&sessId=&size=high
898,http://dasi.cnr.it/de/cgi-bin/wsimg.pl?recId=11271&sessId=&size=high
899,http://dasi.cnr.it/de/cgi-bin/wsimg.pl?recId=11272&sessId=&size=high
900,http://dasi.cnr.it/de/cgi-bin/wsimg.pl?recId=11273&sessId=&size=high
901,http://dasi.cnr.it/de/cgi-bin/wsimg.pl?recId=11274&sessId=&size=high
902,http://dasi.cnr.it/de/cgi-bin/wsimg.pl?recId=11275&sessId=&size=high
903,http://dasi.cnr.it/de/cgi-bin/wsimg.pl?recId=11277&sessId=&size=high
904,http://dasi.cnr.it/de/cgi-bin/wsimg.pl?recId=11278&sessId=&size=high
905,http://dasi.cnr.it/de/cgi-bin/wsimg.pl?recId=11279&sessId=&size=high
906,http://dasi.cnr.it/de/cgi-bin/wsimg.pl?recId=11280&sessId=&size=high
907,http://dasi.cnr.it/de/cgi-bin/wsimg.pl?recId=11281&sessId=&size=high
908,http://dasi.cnr.it/de/cgi-bin/wsimg.pl?recId=11282&sessId=&size=high
909,http://dasi.cnr.it/de/cgi-bin/wsimg.pl?recId=11283&sessId=&size=high
910,http://dasi.cnr.it/de/cgi-bin/wsimg.pl?recId=11284&sessId=&size=high
911,http://dasi.cnr.it/de/cgi-bin/wsimg.pl?recId=11285&sessId=&size=high
912,http://dasi.cnr.it/de/cgi-bin/wsimg.pl?recId=11286&sessId=&size=high
913,http://dasi.cnr.it/de/cgi-bin/wsimg.pl?recId=11287&sessId=&size=high
914,http://dasi.cnr.it/de/cgi-bin/wsimg.pl?recId=11288&sessId=&size=high
915,http://dasi.cnr.it/de/cgi-bin/wsimg.pl?recId=11289&sessId=&size=high
916,http://dasi.cnr.it/de/cgi-bin/wsimg.pl?recId=11290&sessId=&size=high
917,http://dasi.cnr.it/de/cgi-bin/wsimg.pl?recId=11291&sessId=&size=high
918,http://dasi.cnr.it/de/cgi-bin/wsimg.pl?recId=11292&sessId=&size=high
919,http://dasi.cnr.it/de/cgi-bin/wsimg.pl?recId=11293&sessId=&size=high
920,http://dasi.cnr.it/de/cgi-bin/wsimg.pl?recId=11294&sessId=&size=high
921,http://dasi.cnr.it/de/cgi-bin/wsimg.pl?recId=11295&sessId=&size=high
922,http://dasi.cnr.it/de/cgi-bin/wsimg.pl?recId=11297&sessId=&size=high
923,http://dasi.cnr.it/de/cgi-bin/wsimg.pl?recId=11298&sessId=&size=high
924,http://dasi.cnr.it/de/cgi-bin/wsimg.pl?recId=11401&sessId=&size=high
925,http://dasi.cnr.it/de/cgi-bin/wsimg.pl?recId=11402&sessId=&size=high
926,http://dasi.cnr.it/de/cgi-bin/wsimg.pl?recId=11403&sessId=&size=high
927,http://dasi.cnr.it/de/cgi-bin/wsimg.pl?recId=11404&sessId=&size=high
928,http://dasi.cnr.it/de/cgi-bin/wsimg.pl?recId=11405&sessId=&size=high
929,http://dasi.cnr.it/de/cgi-bin/wsimg.pl?recId=11408&sessId=&size=high
930,http://dasi.cnr.it/de/cgi-bin/wsimg.pl?recId=11407&sessId=&size=high
931,http://dasi.cnr.it/de/cgi-bin/wsimg.pl?recId=6944&sessId=&size=high
932,http://dasi.cnr.it/de/cgi-bin/wsimg.pl?recId=6945&sessId=&size=high
933,http://dasi.cnr.it/de/cgi-bin/wsimg.pl?recId=6947&sessId=&size=high
934,http://dasi.cnr.it/de/cgi-bin/wsimg.pl?recId=6946&sessId=&size=high
935,http://dasi.cnr.it/de/cgi-bin/wsimg.pl?recId=6948&sessId=&size=high
936,http://dasi.cnr.it/de/cgi-bin/wsimg.pl?recId=6949&sessId=&size=high
937,http://dasi.cnr.it/de/cgi-bin/wsimg.pl?recId=6950&sessId=&size=high
938,http://dasi.cnr.it/de/cgi-bin/wsimg.pl?recId=6951&sessId=&size=high
939,http://dasi.cnr.it/de/cgi-bin/wsimg.pl?recId=6952&sessId=&size=high
940,http://dasi.cnr.it/de/cgi-bin/wsimg.pl?recId=7763&sessId=&size=high
941,http://dasi.cnr.it/de/cgi-bin/wsimg.pl?recId=10649&sessId=&size=high
942,http://dasi.cnr.it/de/cgi-bin/wsimg.pl?recId=6954&sessId=&size=high
943,http://dasi.cnr.it/de/cgi-bin/wsimg.pl?recId=10689&sessId=&size=high
944,http://dasi.cnr.it/de/cgi-bin/wsimg.pl?recId=6956&sessId=&size=high
945,http://dasi.cnr.it/de/cgi-bin/wsimg.pl?recId=6957&sessId=&size=high
946,http://dasi.cnr.it/de/cgi-bin/wsimg.pl?recId=6958&sessId=&size=high
947,http://dasi.cnr.it/de/cgi-bin/wsimg.pl?recId=6959&sessId=&size=high
948,http://dasi.cnr.it/de/cgi-bin/wsimg.pl?recId=6960&sessId=&size=high
949,http://dasi.cnr.it/de/cgi-bin/wsimg.pl?recId=6964&sessId=&size=high
950,http://dasi.cnr.it/de/cgi-bin/wsimg.pl?recId=6962&sessId=&size=high
951,http://dasi.cnr.it/de/cgi-bin/wsimg.pl?recId=6961&sessId=&size=high
952,http://dasi.cnr.it/de/cgi-bin/wsimg.pl?recId=6965&sessId=&size=high
953,http://dasi.cnr.it/de/cgi-bin/wsimg.pl?recId=6966&sessId=&size=high
954,http://dasi.cnr.it/de/cgi-bin/wsimg.pl?recId=6967&sessId=&size=high
955,http://dasi.cnr.it/de/cgi-bin/wsimg.pl?recId=6968&sessId=&size=high
956,http://dasi.cnr.it/de/cgi-bin/wsimg.pl?recId=6969&sessId=&size=high
957,http://dasi.cnr.it/de/cgi-bin/wsimg.pl?recId=6970&sessId=&size=high
958,http://dasi.cnr.it/de/cgi-bin/wsimg.pl?recId=6971&sessId=&size=high
959,http://dasi.cnr.it/de/cgi-bin/wsimg.pl?recId=6972&sessId=&size=high
960,http://dasi.cnr.it/de/cgi-bin/wsimg.pl?recId=6973&sessId=&size=high
961,http://dasi.cnr.it/de/cgi-bin/wsimg.pl?recId=6974&sessId=&size=high
962,http://dasi.cnr.it/de/cgi-bin/wsimg.pl?recId=6975&sessId=&size=high
963,http://dasi.cnr.it/de/cgi-bin/wsimg.pl?recId=6976&sessId=&size=high
964,http://dasi.cnr.it/de/cgi-bin/wsimg.pl?recId=6977&sessId=&size=high
965,http://dasi.cnr.it/de/cgi-bin/wsimg.pl?recId=6978&sessId=&size=high
966,http://dasi.cnr.it/de/cgi-bin/wsimg.pl?recId=6979&sessId=&size=high
967,http://dasi.cnr.it/de/cgi-bin/wsimg.pl?recId=6980&sessId=&size=high
968,http://dasi.cnr.it/de/cgi-bin/wsimg.pl?recId=6981&sessId=&size=high
969,http://dasi.cnr.it/de/cgi-bin/wsimg.pl?recId=3540&sessId=&size=high
970,http://dasi.cnr.it/de/cgi-bin/wsimg.pl?recId=1936&sessId=&size=high
971,http://dasi.cnr.it/de/cgi-bin/wsimg.pl?recId=11319&sessId=&size=high
972,http://dasi.cnr.it/de/cgi-bin/wsimg.pl?recId=11320&sessId=&size=high
973,http://dasi.cnr.it/de/cgi-bin/wsimg.pl?recId=3699&sessId=&size=high
974,http://dasi.cnr.it/de/cgi-bin/wsimg.pl?recId=5598&sessId=&size=high
975,http://dasi.cnr.it/de/cgi-bin/wsimg.pl?recId=8085&sessId=&size=high
976,http://dasi.cnr.it/de/cgi-bin/wsimg.pl?recId=8080&sessId=&size=high
977,http://dasi.cnr.it/de/cgi-bin/wsimg.pl?recId=8091&sessId=&size=high
978,http://dasi.cnr.it/de/cgi-bin/wsimg.pl?recId=8081&sessId=&size=high
979,http://dasi.cnr.it/de/cgi-bin/wsimg.pl?recId=8003&sessId=&size=high
980,http://dasi.cnr.it/de/cgi-bin/wsimg.pl?recId=8004&sessId=&size=high
981,http://dasi.cnr.it/de/cgi-bin/wsimg.pl?recId=8087&sessId=&size=high
982,http://dasi.cnr.it/de/cgi-bin/wsimg.pl?recId=8083&sessId=&size=high
983,http://dasi.cnr.it/de/cgi-bin/wsimg.pl?recId=4404&sessId=&size=high
984,http://dasi.cnr.it/de/cgi-bin/wsimg.pl?recId=8007&sessId=&size=high
985,http://dasi.cnr.it/de/cgi-bin/wsimg.pl?recId=8008&sessId=&size=high
986,http://dasi.cnr.it/de/cgi-bin/wsimg.pl?recId=8009&sessId=&size=high
987,http://dasi.cnr.it/de/cgi-bin/wsimg.pl?recId=8011&sessId=&size=high
988,http://dasi.cnr.it/de/cgi-bin/wsimg.pl?recId=4827&sessId=&size=high
989,http://dasi.cnr.it/de/cgi-bin/wsimg.pl?recId=8012&sessId=&size=high
990,http://dasi.cnr.it/de/cgi-bin/wsimg.pl?recId=8013&sessId=&size=high
991,http://dasi.cnr.it/de/cgi-bin/wsimg.pl?recId=8014&sessId=&size=high
992,http://dasi.cnr.it/de/cgi-bin/wsimg.pl?recId=8015&sessId=&size=high
993,http://dasi.cnr.it/de/cgi-bin/wsimg.pl?recId=8017&sessId=&size=high
994,http://dasi.cnr.it/de/cgi-bin/wsimg.pl?recId=8130&sessId=&size=high
995,http://dasi.cnr.it/de/cgi-bin/wsimg.pl?recId=8129&sessId=&size=high
996,http://dasi.cnr.it/de/cgi-bin/wsimg.pl?recId=8021&sessId=&size=high
997,http://dasi.cnr.it/de/cgi-bin/wsimg.pl?recId=8022&sessId=&size=high
998,http://dasi.cnr.it/de/cgi-bin/wsimg.pl?recId=8271&sessId=&size=high
999,http://dasi.cnr.it/de/cgi-bin/wsimg.pl?recId=8023&sessId=&size=high
1000,http://dasi.cnr.it/de/cgi-bin/wsimg.pl?recId=8024&sessId=&size=high
1001,http://dasi.cnr.it/de/cgi-bin/wsimg.pl?recId=8026&sessId=&size=high
1002,http://dasi.cnr.it/de/cgi-bin/wsimg.pl?recId=8029&sessId=&size=high
1003,http://dasi.cnr.it/de/cgi-bin/wsimg.pl?recId=8030&sessId=&size=high
1004,http://dasi.cnr.it/de/cgi-bin/wsimg.pl?recId=8031&sessId=&size=high
1005,http://dasi.cnr.it/de/cgi-bin/wsimg.pl?recId=8033&sessId=&size=high
1006,http://dasi.cnr.it/de/cgi-bin/wsimg.pl?recId=8033&sessId=&size=high
1007,http://dasi.cnr.it/de/cgi-bin/wsimg.pl?recId=8036&sessId=&size=high
1008,http://dasi.cnr.it/de/cgi-bin/wsimg.pl?recId=12286&sessId=&size=high
1009,http://dasi.cnr.it/de/cgi-bin/wsimg.pl?recId=2515&sessId=&size=high
1010,http://dasi.cnr.it/de/cgi-bin/wsimg.pl?recId=168&sessId=&size=high
1011,http://dasi.cnr.it/de/cgi-bin/wsimg.pl?recId=6570&sessId=&size=high
1012,http://dasi.cnr.it/de/cgi-bin/wsimg.pl?recId=6571&sessId=&size=high
1013,http://dasi.cnr.it/de/cgi-bin/wsimg.pl?recId=7187&sessId=&size=high
1014,http://dasi.cnr.it/de/cgi-bin/wsimg.pl?recId=7188&sessId=&size=high
1015,http://dasi.cnr.it/de/cgi-bin/wsimg.pl?recId=7491&sessId=&size=high
1016,http://dasi.cnr.it/de/cgi-bin/wsimg.pl?recId=7192&sessId=&size=high
